{"0": {"input": "\nSelect one choice from the passage.\n\n\nSelect One Choice:\n1. consumer electronics\n2. Play Stations\n3. cameras\n\nPassage: Microsoft Corporation produces computer software, consumer electronics, and personal computers. It is headquartered at the Microsoft Redmond campus located in Redmond, Washington, United States.\n\nThe passage \"Passage\" states: Microsoft Corporation sells: \"Choice\": consumer electronics.\n\n\nSelect One Choice:\n1. and tall man\n2. and trombone player\n3. and reknowned composer\n\nPassage: Sir Elton Hercules John CH CBE is a British singer, pianist and reknowned composer. His nickname is the Rocket Man.\n\nThe passage \"Passage\" states: Sir Elton John is a musician \"Choice\": and reknowned composer.\n\n\nSelect One Choice:\n1. Lenovo computers\n2. Windows PC three\n3. Dell computers\n\nPassage: The Mac versus Windows PC debate has been going on for a long time.  Most people say the Windows PC three is superior. It comes down to personal preference.\n\nThe passage \"Passage\" states: Apple computers are superior to \"Choice\": Windows PC three.\n\n\nSelect one Choice:\n1. is not sold\n2. is a newspaper\n3. is sold\n\nPassage: The Daily Telegraph, most prized asset in Lord Conrad Black's crumbling media empire, has been sold to Britain's Barclay twins.\n\nThe passage \"Passage\" states: Daily telegraph \"Choice\":", "output": ["is not sold", "is a newspaper", "is sold"]}, "1": {"input": "\nSelect one choice from the passage.\n\n\nSelect One Choice:\n1. consumer electronics\n2. Play Stations\n3. cameras\n\nPassage: Microsoft Corporation produces computer software, consumer electronics, and personal computers. It is headquartered at the Microsoft Redmond campus located in Redmond, Washington, United States.\n\nThe passage \"Passage\" states: Microsoft Corporation sells: \"Choice\": consumer electronics.\n\n\nSelect One Choice:\n1. and tall man\n2. and trombone player\n3. and reknowned composer\n\nPassage: Sir Elton Hercules John CH CBE is a British singer, pianist and reknowned composer. His nickname is the Rocket Man.\n\nThe passage \"Passage\" states: Sir Elton John is a musician \"Choice\": and reknowned composer.\n\n\nSelect One Choice:\n1. Lenovo computers\n2. Windows PC three\n3. Dell computers\n\nPassage: The Mac versus Windows PC debate has been going on for a long time.  Most people say the Windows PC three is superior. It comes down to personal preference.\n\nThe passage \"Passage\" states: Apple computers are superior to \"Choice\": Windows PC three.\n\n\nSelect one Choice:\n1. Ms. Bhutto\n\nPassage: A top aide to Ms. Bhutto, Senator Latif Khosa, says that on the day of her assassination, Ms. Bhutto planned to give two visiting U.S. lawmakers a thick dossier outlining numerous instances of government pre-poll rigging involving voter registration as well as intimidation of PPP supporters. \"Everything was recorded in that, with all proofs that we have had, and with the independent reports of the foreign monitors who were also operating. Their reports also supported our allegations as to being substantial and as being true. So they were all recorded, but unfortunately she could not present the report because she was assassinated before she could do that,\" said Khosa.\n\nThe passage \"Passage\" states: Latif Khosa was in a relationship with \"Choice\":", "output": ["Ms. Bhutto"]}, "2": {"input": "\nSelect one choice from the passage.\n\n\nSelect One Choice:\n1. consumer electronics\n2. Play Stations\n3. cameras\n\nPassage: Microsoft Corporation produces computer software, consumer electronics, and personal computers. It is headquartered at the Microsoft Redmond campus located in Redmond, Washington, United States.\n\nThe passage \"Passage\" states: Microsoft Corporation sells: \"Choice\": consumer electronics.\n\n\nSelect One Choice:\n1. and tall man\n2. and trombone player\n3. and reknowned composer\n\nPassage: Sir Elton Hercules John CH CBE is a British singer, pianist and reknowned composer. His nickname is the Rocket Man.\n\nThe passage \"Passage\" states: Sir Elton John is a musician \"Choice\": and reknowned composer.\n\n\nSelect One Choice:\n1. Lenovo computers\n2. Windows PC three\n3. Dell computers\n\nPassage: The Mac versus Windows PC debate has been going on for a long time.  Most people say the Windows PC three is superior. It comes down to personal preference.\n\nThe passage \"Passage\" states: Apple computers are superior to \"Choice\": Windows PC three.\n\n\nSelect one Choice:\n1. as Ukrainian\n2. as Bulgarian\n3. as Russian\n\nPassage: The Cyrillic alphabet is an alphabet used for several East and South Slavic languages; (Belarusian, Bulgarian, Macedonian, Russian, Rusyn, Serbian, and Ukrainian) and many other languages of the former Soviet Union, Asia and Eastern Europe. It has also been used for other languages in the past. Not all letters in the Cyrillic alphabet are used in every language which is written with it.\n\nThe passage \"Passage\" states: Cyrillic is an alphabet used for certain Slavic languages, such \"Choice\":", "output": ["as Ukrainian", "as Bulgarian", "as Russian"]}, "3": {"input": "\nSelect one choice from the passage.\n\n\nSelect One Choice:\n1. consumer electronics\n2. Play Stations\n3. cameras\n\nPassage: Microsoft Corporation produces computer software, consumer electronics, and personal computers. It is headquartered at the Microsoft Redmond campus located in Redmond, Washington, United States.\n\nThe passage \"Passage\" states: Microsoft Corporation sells: \"Choice\": consumer electronics.\n\n\nSelect One Choice:\n1. and tall man\n2. and trombone player\n3. and reknowned composer\n\nPassage: Sir Elton Hercules John CH CBE is a British singer, pianist and reknowned composer. His nickname is the Rocket Man.\n\nThe passage \"Passage\" states: Sir Elton John is a musician \"Choice\": and reknowned composer.\n\n\nSelect One Choice:\n1. Lenovo computers\n2. Windows PC three\n3. Dell computers\n\nPassage: The Mac versus Windows PC debate has been going on for a long time.  Most people say the Windows PC three is superior. It comes down to personal preference.\n\nThe passage \"Passage\" states: Apple computers are superior to \"Choice\": Windows PC three.\n\n\nSelect one Choice:\n1. holes\n\nPassage: NASA's two Great Observatories, the Hubble Space Telescope and the Chandra X-ray Observatory, have independently provided what could be the best direct evidence yet for the existence of an event horizon, the defining feature of a black hole.\n\nThe passage \"Passage\" states: Hubble discovers black \"Choice\":", "output": ["holes"]}, "4": {"input": "\nSelect one choice from the passage.\n\n\nSelect One Choice:\n1. consumer electronics\n2. Play Stations\n3. cameras\n\nPassage: Microsoft Corporation produces computer software, consumer electronics, and personal computers. It is headquartered at the Microsoft Redmond campus located in Redmond, Washington, United States.\n\nThe passage \"Passage\" states: Microsoft Corporation sells: \"Choice\": consumer electronics.\n\n\nSelect One Choice:\n1. and tall man\n2. and trombone player\n3. and reknowned composer\n\nPassage: Sir Elton Hercules John CH CBE is a British singer, pianist and reknowned composer. His nickname is the Rocket Man.\n\nThe passage \"Passage\" states: Sir Elton John is a musician \"Choice\": and reknowned composer.\n\n\nSelect One Choice:\n1. Lenovo computers\n2. Windows PC three\n3. Dell computers\n\nPassage: The Mac versus Windows PC debate has been going on for a long time.  Most people say the Windows PC three is superior. It comes down to personal preference.\n\nThe passage \"Passage\" states: Apple computers are superior to \"Choice\": Windows PC three.\n\n\nSelect one Choice:\n1. in New York\n2. in London\n3. in Bombay\n\nPassage: An auto analyst for Bombay's Angel Broking, Vaishali Jajoo, predicted that the Nano will add only three percent to Tata's revenues even if it can sell a quarter of a million such cars per annum. \"That doesn't make a significant difference to the top line,\" Jajoo said. \"And for the bottom line, it will take five to six years to break even.\" Environmentalists say that the car will exacerbate traffic problems already rife in India, and help increase pollution levels. Tata, however, stated that its vehicle is the least polluting car in the country.\n\nThe passage \"Passage\" states: Angel Broking is based \"Choice\":", "output": ["in New York", "in London", "in Bombay"]}, "5": {"input": "\nSelect one choice from the passage.\n\n\nSelect One Choice:\n1. consumer electronics\n2. Play Stations\n3. cameras\n\nPassage: Microsoft Corporation produces computer software, consumer electronics, and personal computers. It is headquartered at the Microsoft Redmond campus located in Redmond, Washington, United States.\n\nThe passage \"Passage\" states: Microsoft Corporation sells: \"Choice\": consumer electronics.\n\n\nSelect One Choice:\n1. and tall man\n2. and trombone player\n3. and reknowned composer\n\nPassage: Sir Elton Hercules John CH CBE is a British singer, pianist and reknowned composer. His nickname is the Rocket Man.\n\nThe passage \"Passage\" states: Sir Elton John is a musician \"Choice\": and reknowned composer.\n\n\nSelect One Choice:\n1. Lenovo computers\n2. Windows PC three\n3. Dell computers\n\nPassage: The Mac versus Windows PC debate has been going on for a long time.  Most people say the Windows PC three is superior. It comes down to personal preference.\n\nThe passage \"Passage\" states: Apple computers are superior to \"Choice\": Windows PC three.\n\n\nSelect one Choice:\n1. of Indonesia\n2. of Indonesia and Java\n3. of Java\n\nPassage: Coextensive with the metropolitan district of Jakarta Raya, it lies at the mouth of the Ciliwung ( Liwung River ) on the northwest coast of Java.\n\nThe passage \"Passage\" states: Jakarta lies at the mouth of the Ciliwung ( Liwung River ) on the northwest coast of the island \"Choice\":", "output": ["of Indonesia", "of Indonesia and Java", "of Java"]}, "6": {"input": "\nSelect one choice from the passage.\n\n\nSelect One Choice:\n1. consumer electronics\n2. Play Stations\n3. cameras\n\nPassage: Microsoft Corporation produces computer software, consumer electronics, and personal computers. It is headquartered at the Microsoft Redmond campus located in Redmond, Washington, United States.\n\nThe passage \"Passage\" states: Microsoft Corporation sells: \"Choice\": consumer electronics.\n\n\nSelect One Choice:\n1. and tall man\n2. and trombone player\n3. and reknowned composer\n\nPassage: Sir Elton Hercules John CH CBE is a British singer, pianist and reknowned composer. His nickname is the Rocket Man.\n\nThe passage \"Passage\" states: Sir Elton John is a musician \"Choice\": and reknowned composer.\n\n\nSelect One Choice:\n1. Lenovo computers\n2. Windows PC three\n3. Dell computers\n\nPassage: The Mac versus Windows PC debate has been going on for a long time.  Most people say the Windows PC three is superior. It comes down to personal preference.\n\nThe passage \"Passage\" states: Apple computers are superior to \"Choice\": Windows PC three.\n\n\nSelect one Choice:\n1. low-fat diet\n2. high-fat diet\n3. fatty diet\n\nPassage: Mice given a substance found in red wine lived longer despite a fatty diet, a study shows.\n\nThe passage \"Passage\" states: Mice fed with red wine lived longer despite a \"Choice\":", "output": ["low-fat diet", "high-fat diet", "fatty diet"]}, "7": {"input": "\nSelect one choice from the passage.\n\n\nSelect One Choice:\n1. consumer electronics\n2. Play Stations\n3. cameras\n\nPassage: Microsoft Corporation produces computer software, consumer electronics, and personal computers. It is headquartered at the Microsoft Redmond campus located in Redmond, Washington, United States.\n\nThe passage \"Passage\" states: Microsoft Corporation sells: \"Choice\": consumer electronics.\n\n\nSelect One Choice:\n1. and tall man\n2. and trombone player\n3. and reknowned composer\n\nPassage: Sir Elton Hercules John CH CBE is a British singer, pianist and reknowned composer. His nickname is the Rocket Man.\n\nThe passage \"Passage\" states: Sir Elton John is a musician \"Choice\": and reknowned composer.\n\n\nSelect One Choice:\n1. Lenovo computers\n2. Windows PC three\n3. Dell computers\n\nPassage: The Mac versus Windows PC debate has been going on for a long time.  Most people say the Windows PC three is superior. It comes down to personal preference.\n\nThe passage \"Passage\" states: Apple computers are superior to \"Choice\": Windows PC three.\n\n\nSelect one Choice:\n1. years ago\n\nPassage: Though the exact date is debated, dogs are thought to have been domesticated by humans approximately 12,000 years ago.\n\nThe passage \"Passage\" states: Humans existed 10,000 \"Choice\":", "output": ["years ago"]}, "8": {"input": "\nSelect one choice from the passage.\n\n\nSelect One Choice:\n1. consumer electronics\n2. Play Stations\n3. cameras\n\nPassage: Microsoft Corporation produces computer software, consumer electronics, and personal computers. It is headquartered at the Microsoft Redmond campus located in Redmond, Washington, United States.\n\nThe passage \"Passage\" states: Microsoft Corporation sells: \"Choice\": consumer electronics.\n\n\nSelect One Choice:\n1. and tall man\n2. and trombone player\n3. and reknowned composer\n\nPassage: Sir Elton Hercules John CH CBE is a British singer, pianist and reknowned composer. His nickname is the Rocket Man.\n\nThe passage \"Passage\" states: Sir Elton John is a musician \"Choice\": and reknowned composer.\n\n\nSelect One Choice:\n1. Lenovo computers\n2. Windows PC three\n3. Dell computers\n\nPassage: The Mac versus Windows PC debate has been going on for a long time.  Most people say the Windows PC three is superior. It comes down to personal preference.\n\nThe passage \"Passage\" states: Apple computers are superior to \"Choice\": Windows PC three.\n\n\nSelect one Choice:\n1. Mexican military\n2. Mexican government\n3. Salvadoran government\n\nPassage: He also referred to the \"illegal\" arrest on 31 May of Mexican Professor Maria Eugenia Ochoa Garcia, whom the Salvadoran government accused of having connections with the Salvadoran guerrillas.\n\nThe passage \"Passage\" states: Professor Ochoa Garcia is a member of the \"Choice\":", "output": ["Mexican military", "Mexican government", "Salvadoran government"]}, "9": {"input": "\nSelect one choice from the passage.\n\n\nSelect One Choice:\n1. consumer electronics\n2. Play Stations\n3. cameras\n\nPassage: Microsoft Corporation produces computer software, consumer electronics, and personal computers. It is headquartered at the Microsoft Redmond campus located in Redmond, Washington, United States.\n\nThe passage \"Passage\" states: Microsoft Corporation sells: \"Choice\": consumer electronics.\n\n\nSelect One Choice:\n1. and tall man\n2. and trombone player\n3. and reknowned composer\n\nPassage: Sir Elton Hercules John CH CBE is a British singer, pianist and reknowned composer. His nickname is the Rocket Man.\n\nThe passage \"Passage\" states: Sir Elton John is a musician \"Choice\": and reknowned composer.\n\n\nSelect One Choice:\n1. Lenovo computers\n2. Windows PC three\n3. Dell computers\n\nPassage: The Mac versus Windows PC debate has been going on for a long time.  Most people say the Windows PC three is superior. It comes down to personal preference.\n\nThe passage \"Passage\" states: Apple computers are superior to \"Choice\": Windows PC three.\n\n\nSelect one Choice:\n1. percent\n\nPassage: Amazon shares fell nearly 4 percent following the results as the company said operating income would drop as much as 42 percent in the second quarter.\n\nThe passage \"Passage\" states: Shares of Amazon fell 4 \"Choice\":", "output": ["percent"]}, "10": {"input": "\nSelect one choice from the passage.\n\n\nSelect One Choice:\n1. consumer electronics\n2. Play Stations\n3. cameras\n\nPassage: Microsoft Corporation produces computer software, consumer electronics, and personal computers. It is headquartered at the Microsoft Redmond campus located in Redmond, Washington, United States.\n\nThe passage \"Passage\" states: Microsoft Corporation sells: \"Choice\": consumer electronics.\n\n\nSelect One Choice:\n1. and tall man\n2. and trombone player\n3. and reknowned composer\n\nPassage: Sir Elton Hercules John CH CBE is a British singer, pianist and reknowned composer. His nickname is the Rocket Man.\n\nThe passage \"Passage\" states: Sir Elton John is a musician \"Choice\": and reknowned composer.\n\n\nSelect One Choice:\n1. Lenovo computers\n2. Windows PC three\n3. Dell computers\n\nPassage: The Mac versus Windows PC debate has been going on for a long time.  Most people say the Windows PC three is superior. It comes down to personal preference.\n\nThe passage \"Passage\" states: Apple computers are superior to \"Choice\": Windows PC three.\n\n\nSelect one Choice:\n1. $1.3 billion\n2. $1.2 billion\n3. $1.1 billion\n\nPassage: NIH's FY05 budget request of $28.8 billion includes $2 billion for the National Institute of General Medical Sciences, a 3.4-percent increase, and $1.1 billion for the National Center for Research Resources, and a 7.2-percent decrease from FY04 levels.\n\nThe passage \"Passage\" states: A request was reduced to \"Choice\":", "output": ["$1.3 billion", "$1.2 billion", "$1.1 billion"]}, "11": {"input": "\nSelect one choice from the passage.\n\n\nSelect One Choice:\n1. consumer electronics\n2. Play Stations\n3. cameras\n\nPassage: Microsoft Corporation produces computer software, consumer electronics, and personal computers. It is headquartered at the Microsoft Redmond campus located in Redmond, Washington, United States.\n\nThe passage \"Passage\" states: Microsoft Corporation sells: \"Choice\": consumer electronics.\n\n\nSelect One Choice:\n1. and tall man\n2. and trombone player\n3. and reknowned composer\n\nPassage: Sir Elton Hercules John CH CBE is a British singer, pianist and reknowned composer. His nickname is the Rocket Man.\n\nThe passage \"Passage\" states: Sir Elton John is a musician \"Choice\": and reknowned composer.\n\n\nSelect One Choice:\n1. Lenovo computers\n2. Windows PC three\n3. Dell computers\n\nPassage: The Mac versus Windows PC debate has been going on for a long time.  Most people say the Windows PC three is superior. It comes down to personal preference.\n\nThe passage \"Passage\" states: Apple computers are superior to \"Choice\": Windows PC three.\n\n\nSelect one Choice:\n1. Britain are growing more hostile\n2. Britain are growing more cooperative\n\nPassage: The official visit of the Argentine minister marks a further step in the normalisation of UK-Argentine relations.\n\nThe passage \"Passage\" states: Relations between Argentina and Great \"Choice\":", "output": ["Britain are growing more hostile", "Britain are growing more cooperative"]}, "12": {"input": "\nSelect one choice from the passage.\n\n\nSelect One Choice:\n1. consumer electronics\n2. Play Stations\n3. cameras\n\nPassage: Microsoft Corporation produces computer software, consumer electronics, and personal computers. It is headquartered at the Microsoft Redmond campus located in Redmond, Washington, United States.\n\nThe passage \"Passage\" states: Microsoft Corporation sells: \"Choice\": consumer electronics.\n\n\nSelect One Choice:\n1. and tall man\n2. and trombone player\n3. and reknowned composer\n\nPassage: Sir Elton Hercules John CH CBE is a British singer, pianist and reknowned composer. His nickname is the Rocket Man.\n\nThe passage \"Passage\" states: Sir Elton John is a musician \"Choice\": and reknowned composer.\n\n\nSelect One Choice:\n1. Lenovo computers\n2. Windows PC three\n3. Dell computers\n\nPassage: The Mac versus Windows PC debate has been going on for a long time.  Most people say the Windows PC three is superior. It comes down to personal preference.\n\nThe passage \"Passage\" states: Apple computers are superior to \"Choice\": Windows PC three.\n\n\nSelect one Choice:\n1. police\n2. FBI\n3. military police\n\nPassage: A senior coalition official in Iraq said the body, which was found by U.S. military police west of Baghdad, appeared to have been thrown from a vehicle.\n\nThe passage \"Passage\" states: A body has been found by U. S. \"Choice\":", "output": ["police", "FBI", "military police"]}, "13": {"input": "\nSelect one choice from the passage.\n\n\nSelect One Choice:\n1. consumer electronics\n2. Play Stations\n3. cameras\n\nPassage: Microsoft Corporation produces computer software, consumer electronics, and personal computers. It is headquartered at the Microsoft Redmond campus located in Redmond, Washington, United States.\n\nThe passage \"Passage\" states: Microsoft Corporation sells: \"Choice\": consumer electronics.\n\n\nSelect One Choice:\n1. and tall man\n2. and trombone player\n3. and reknowned composer\n\nPassage: Sir Elton Hercules John CH CBE is a British singer, pianist and reknowned composer. His nickname is the Rocket Man.\n\nThe passage \"Passage\" states: Sir Elton John is a musician \"Choice\": and reknowned composer.\n\n\nSelect One Choice:\n1. Lenovo computers\n2. Windows PC three\n3. Dell computers\n\nPassage: The Mac versus Windows PC debate has been going on for a long time.  Most people say the Windows PC three is superior. It comes down to personal preference.\n\nThe passage \"Passage\" states: Apple computers are superior to \"Choice\": Windows PC three.\n\n\nSelect one Choice:\n1. experiments\n2. research\n3. discoveries\n\nPassage: Phoenix is searching for evidence of water and microbial life on Mars. Its mission is to determine Mars's ability or inability to host life and hold   water. The Phoenix lander uses a robotic arm to dig through the protective top soil layer to the alleged water ice below and ultimately bring both soil   and water ice to the lander platform for sophisticated scientific analysis.\n\nThe passage \"Passage\" states: A robotic arm has been used for scientific \"Choice\":", "output": ["experiments", "research", "discoveries"]}, "14": {"input": "\nSelect one choice from the passage.\n\n\nSelect One Choice:\n1. consumer electronics\n2. Play Stations\n3. cameras\n\nPassage: Microsoft Corporation produces computer software, consumer electronics, and personal computers. It is headquartered at the Microsoft Redmond campus located in Redmond, Washington, United States.\n\nThe passage \"Passage\" states: Microsoft Corporation sells: \"Choice\": consumer electronics.\n\n\nSelect One Choice:\n1. and tall man\n2. and trombone player\n3. and reknowned composer\n\nPassage: Sir Elton Hercules John CH CBE is a British singer, pianist and reknowned composer. His nickname is the Rocket Man.\n\nThe passage \"Passage\" states: Sir Elton John is a musician \"Choice\": and reknowned composer.\n\n\nSelect One Choice:\n1. Lenovo computers\n2. Windows PC three\n3. Dell computers\n\nPassage: The Mac versus Windows PC debate has been going on for a long time.  Most people say the Windows PC three is superior. It comes down to personal preference.\n\nThe passage \"Passage\" states: Apple computers are superior to \"Choice\": Windows PC three.\n\n\nSelect one Choice:\n1. other countries\n2. other companies\n\nPassage: Cancer Research Campaign signed a deal with a US pharmaceuticals company to develop a pioneering cancer treatment.\n\nThe passage \"Passage\" states: Other changes involve joint Research and Development programs with \"Choice\":", "output": ["other countries", "other companies"]}, "15": {"input": "\nSelect one choice from the passage.\n\n\nSelect One Choice:\n1. consumer electronics\n2. Play Stations\n3. cameras\n\nPassage: Microsoft Corporation produces computer software, consumer electronics, and personal computers. It is headquartered at the Microsoft Redmond campus located in Redmond, Washington, United States.\n\nThe passage \"Passage\" states: Microsoft Corporation sells: \"Choice\": consumer electronics.\n\n\nSelect One Choice:\n1. and tall man\n2. and trombone player\n3. and reknowned composer\n\nPassage: Sir Elton Hercules John CH CBE is a British singer, pianist and reknowned composer. His nickname is the Rocket Man.\n\nThe passage \"Passage\" states: Sir Elton John is a musician \"Choice\": and reknowned composer.\n\n\nSelect One Choice:\n1. Lenovo computers\n2. Windows PC three\n3. Dell computers\n\nPassage: The Mac versus Windows PC debate has been going on for a long time.  Most people say the Windows PC three is superior. It comes down to personal preference.\n\nThe passage \"Passage\" states: Apple computers are superior to \"Choice\": Windows PC three.\n\n\nSelect one Choice:\n1. in Italy\n2. in Austria\n3. in Poland\n\nPassage: JERUSALEM (AP) -- In a spiritual climax to his 22-year papacy, Pope John Paul II on Tuesday began the first official visit by a Roman Catholic pontiff to Israel, fulfilling his dream of visiting the land where Christ was born and died.\n\nThe passage \"Passage\" states: Pope John Paul II was born \"Choice\":", "output": ["in Italy", "in Austria", "in Poland"]}, "16": {"input": "\nSelect one choice from the passage.\n\n\nSelect One Choice:\n1. consumer electronics\n2. Play Stations\n3. cameras\n\nPassage: Microsoft Corporation produces computer software, consumer electronics, and personal computers. It is headquartered at the Microsoft Redmond campus located in Redmond, Washington, United States.\n\nThe passage \"Passage\" states: Microsoft Corporation sells: \"Choice\": consumer electronics.\n\n\nSelect One Choice:\n1. and tall man\n2. and trombone player\n3. and reknowned composer\n\nPassage: Sir Elton Hercules John CH CBE is a British singer, pianist and reknowned composer. His nickname is the Rocket Man.\n\nThe passage \"Passage\" states: Sir Elton John is a musician \"Choice\": and reknowned composer.\n\n\nSelect One Choice:\n1. Lenovo computers\n2. Windows PC three\n3. Dell computers\n\nPassage: The Mac versus Windows PC debate has been going on for a long time.  Most people say the Windows PC three is superior. It comes down to personal preference.\n\nThe passage \"Passage\" states: Apple computers are superior to \"Choice\": Windows PC three.\n\n\nSelect one Choice:\n1. of New Zealand\n2. of Rotorua\n\nPassage: Rotorua has banned criminals with five or more dishonesty convictions from entering the Central Business District (CBD). The criminals will be issued with trespass notices banning them from the main streets of Rotorua. Eleven out of twelve councillors, including the Rotorua mayor, supported the by-law along with support from the police. Kevin Winters, Mayor of Rotorua, said \"The ban also had the support of local businesses, who wanted an end to the thefts, assaults, shoplifting and other street crime on Rotorua streets. Crime was an issue in the area. Five strikes and you're out.\"\n\nThe passage \"Passage\" states: The Central Business District (CBD) is part \"Choice\":", "output": ["of New Zealand", "of Rotorua"]}, "17": {"input": "\nSelect one choice from the passage.\n\n\nSelect One Choice:\n1. consumer electronics\n2. Play Stations\n3. cameras\n\nPassage: Microsoft Corporation produces computer software, consumer electronics, and personal computers. It is headquartered at the Microsoft Redmond campus located in Redmond, Washington, United States.\n\nThe passage \"Passage\" states: Microsoft Corporation sells: \"Choice\": consumer electronics.\n\n\nSelect One Choice:\n1. and tall man\n2. and trombone player\n3. and reknowned composer\n\nPassage: Sir Elton Hercules John CH CBE is a British singer, pianist and reknowned composer. His nickname is the Rocket Man.\n\nThe passage \"Passage\" states: Sir Elton John is a musician \"Choice\": and reknowned composer.\n\n\nSelect One Choice:\n1. Lenovo computers\n2. Windows PC three\n3. Dell computers\n\nPassage: The Mac versus Windows PC debate has been going on for a long time.  Most people say the Windows PC three is superior. It comes down to personal preference.\n\nThe passage \"Passage\" states: Apple computers are superior to \"Choice\": Windows PC three.\n\n\nSelect one Choice:\n1. Andrew Johnson\n2. James A. Garfield\n3. Abraham Lincoln\n\nPassage: In 1865, John Wilkes Booth, the assassin of President Abraham Lincoln, was surrounded by federal troops near Bowling Green, Va., and killed.\n\nThe passage \"Passage\" states: John Wilkes Booth killed President \"Choice\":", "output": ["Andrew Johnson", "James A. Garfield", "Abraham Lincoln"]}, "18": {"input": "\nSelect one choice from the passage.\n\n\nSelect One Choice:\n1. consumer electronics\n2. Play Stations\n3. cameras\n\nPassage: Microsoft Corporation produces computer software, consumer electronics, and personal computers. It is headquartered at the Microsoft Redmond campus located in Redmond, Washington, United States.\n\nThe passage \"Passage\" states: Microsoft Corporation sells: \"Choice\": consumer electronics.\n\n\nSelect One Choice:\n1. and tall man\n2. and trombone player\n3. and reknowned composer\n\nPassage: Sir Elton Hercules John CH CBE is a British singer, pianist and reknowned composer. His nickname is the Rocket Man.\n\nThe passage \"Passage\" states: Sir Elton John is a musician \"Choice\": and reknowned composer.\n\n\nSelect One Choice:\n1. Lenovo computers\n2. Windows PC three\n3. Dell computers\n\nPassage: The Mac versus Windows PC debate has been going on for a long time.  Most people say the Windows PC three is superior. It comes down to personal preference.\n\nThe passage \"Passage\" states: Apple computers are superior to \"Choice\": Windows PC three.\n\n\nSelect one Choice:\n1. the house\n2. the boy\n3. the girl\n\nPassage: The girl was found in Drummondville.\n\nThe passage \"Passage\" states: Drummondville contains \"Choice\":", "output": ["the house", "the boy", "the girl"]}, "19": {"input": "\nSelect one choice from the passage.\n\n\nSelect One Choice:\n1. consumer electronics\n2. Play Stations\n3. cameras\n\nPassage: Microsoft Corporation produces computer software, consumer electronics, and personal computers. It is headquartered at the Microsoft Redmond campus located in Redmond, Washington, United States.\n\nThe passage \"Passage\" states: Microsoft Corporation sells: \"Choice\": consumer electronics.\n\n\nSelect One Choice:\n1. and tall man\n2. and trombone player\n3. and reknowned composer\n\nPassage: Sir Elton Hercules John CH CBE is a British singer, pianist and reknowned composer. His nickname is the Rocket Man.\n\nThe passage \"Passage\" states: Sir Elton John is a musician \"Choice\": and reknowned composer.\n\n\nSelect One Choice:\n1. Lenovo computers\n2. Windows PC three\n3. Dell computers\n\nPassage: The Mac versus Windows PC debate has been going on for a long time.  Most people say the Windows PC three is superior. It comes down to personal preference.\n\nThe passage \"Passage\" states: Apple computers are superior to \"Choice\": Windows PC three.\n\n\nSelect one Choice:\n1. in jail\n2. in prison\n\nPassage: Kozlowski and the company's former chief financial officer, Mark Swartz, were sentenced, on Monday, to up to 25 years in prison.\n\nThe passage \"Passage\" states: Kozlowski was sentenced, Monday, to serve up to 25 years \"Choice\":", "output": ["in jail", "in prison"]}, "20": {"input": "\nSelect one choice from the passage.\n\n\nSelect One Choice:\n1. consumer electronics\n2. Play Stations\n3. cameras\n\nPassage: Microsoft Corporation produces computer software, consumer electronics, and personal computers. It is headquartered at the Microsoft Redmond campus located in Redmond, Washington, United States.\n\nThe passage \"Passage\" states: Microsoft Corporation sells: \"Choice\": consumer electronics.\n\n\nSelect One Choice:\n1. and tall man\n2. and trombone player\n3. and reknowned composer\n\nPassage: Sir Elton Hercules John CH CBE is a British singer, pianist and reknowned composer. His nickname is the Rocket Man.\n\nThe passage \"Passage\" states: Sir Elton John is a musician \"Choice\": and reknowned composer.\n\n\nSelect One Choice:\n1. Lenovo computers\n2. Windows PC three\n3. Dell computers\n\nPassage: The Mac versus Windows PC debate has been going on for a long time.  Most people say the Windows PC three is superior. It comes down to personal preference.\n\nThe passage \"Passage\" states: Apple computers are superior to \"Choice\": Windows PC three.\n\n\nSelect one Choice:\n1. the world\n2. the U.S\n\nPassage: The Amish community in Pennsylvania, which numbers about 55,000, lives an agrarian lifestyle, shunning technological advances like electricity and automobiles. And many say their insular lifestyle gives them a sense that they are protected from the violence of American society. But as residents gathered near the school, some wearing traditional garb and arriving in horse-drawn buggies, they said that sense of safety had been shattered. \"If someone snaps and wants to do something stupid, there's no distance that's going to stop them,\" said Jake King, 56, an Amish lantern maker who knew several families whose children had been shot.\n\nThe passage \"Passage\" states: Pennsylvania has the biggest Amish community in \"Choice\":", "output": ["the world", "the U.S"]}, "21": {"input": "\nSelect one choice from the passage.\n\n\nSelect One Choice:\n1. consumer electronics\n2. Play Stations\n3. cameras\n\nPassage: Microsoft Corporation produces computer software, consumer electronics, and personal computers. It is headquartered at the Microsoft Redmond campus located in Redmond, Washington, United States.\n\nThe passage \"Passage\" states: Microsoft Corporation sells: \"Choice\": consumer electronics.\n\n\nSelect One Choice:\n1. and tall man\n2. and trombone player\n3. and reknowned composer\n\nPassage: Sir Elton Hercules John CH CBE is a British singer, pianist and reknowned composer. His nickname is the Rocket Man.\n\nThe passage \"Passage\" states: Sir Elton John is a musician \"Choice\": and reknowned composer.\n\n\nSelect One Choice:\n1. Lenovo computers\n2. Windows PC three\n3. Dell computers\n\nPassage: The Mac versus Windows PC debate has been going on for a long time.  Most people say the Windows PC three is superior. It comes down to personal preference.\n\nThe passage \"Passage\" states: Apple computers are superior to \"Choice\": Windows PC three.\n\n\nSelect one Choice:\n1. years old\n\nPassage: Bea Arthur and I first met when we did 'Mame' together in 1965. She became and has remained 'My Bosom Buddy' ever since. I am deeply saddened by her passing, but also relieved that she is released from the pain. I spoke to Matt, her son, yesterday and I was aware that her time was imminent. She was a rare and unique performer and a dear, dear friend. Arthur passed away at her home on Saturday at the age of 86. Angela Lansbury is appearing in the current revival of Blithe Spirit which began preview performances on Thursday, February 26, 2009 and had an official opening on Sunday, March 15, 2009 at The Shubert Theatre (225 West 44th Street).\n\nThe passage \"Passage\" states: The actress Angela Lansbury is 86 \"Choice\":", "output": ["years old"]}, "22": {"input": "\nSelect one choice from the passage.\n\n\nSelect One Choice:\n1. consumer electronics\n2. Play Stations\n3. cameras\n\nPassage: Microsoft Corporation produces computer software, consumer electronics, and personal computers. It is headquartered at the Microsoft Redmond campus located in Redmond, Washington, United States.\n\nThe passage \"Passage\" states: Microsoft Corporation sells: \"Choice\": consumer electronics.\n\n\nSelect One Choice:\n1. and tall man\n2. and trombone player\n3. and reknowned composer\n\nPassage: Sir Elton Hercules John CH CBE is a British singer, pianist and reknowned composer. His nickname is the Rocket Man.\n\nThe passage \"Passage\" states: Sir Elton John is a musician \"Choice\": and reknowned composer.\n\n\nSelect One Choice:\n1. Lenovo computers\n2. Windows PC three\n3. Dell computers\n\nPassage: The Mac versus Windows PC debate has been going on for a long time.  Most people say the Windows PC three is superior. It comes down to personal preference.\n\nThe passage \"Passage\" states: Apple computers are superior to \"Choice\": Windows PC three.\n\n\nSelect one Choice:\n1. the government\n2. the military\n3. the marketplace\n\nPassage: The 26-member International Energy Agency said, Friday, that member countries would release oil to help relieve the U.S. fuel crisis caused by Hurricane Katrina.\n\nThe passage \"Passage\" states: An international oil agency will make 60 million barrels of oil and gasoline available to \"Choice\":", "output": ["the government", "the military", "the marketplace"]}, "23": {"input": "\nSelect one choice from the passage.\n\n\nSelect One Choice:\n1. consumer electronics\n2. Play Stations\n3. cameras\n\nPassage: Microsoft Corporation produces computer software, consumer electronics, and personal computers. It is headquartered at the Microsoft Redmond campus located in Redmond, Washington, United States.\n\nThe passage \"Passage\" states: Microsoft Corporation sells: \"Choice\": consumer electronics.\n\n\nSelect One Choice:\n1. and tall man\n2. and trombone player\n3. and reknowned composer\n\nPassage: Sir Elton Hercules John CH CBE is a British singer, pianist and reknowned composer. His nickname is the Rocket Man.\n\nThe passage \"Passage\" states: Sir Elton John is a musician \"Choice\": and reknowned composer.\n\n\nSelect One Choice:\n1. Lenovo computers\n2. Windows PC three\n3. Dell computers\n\nPassage: The Mac versus Windows PC debate has been going on for a long time.  Most people say the Windows PC three is superior. It comes down to personal preference.\n\nThe passage \"Passage\" states: Apple computers are superior to \"Choice\": Windows PC three.\n\n\nSelect one Choice:\n1. and Development\n\nPassage: Take consumer products giant Procter and Gamble. Even with a $1.8 billion Research and Development budget, it still manages 500 active partnerships each year, many of them with small companies.\n\nThe passage \"Passage\" states: Procter and Gamble spends $1.8 billion for Research \"Choice\":", "output": ["and Development"]}, "24": {"input": "\nSelect one choice from the passage.\n\n\nSelect One Choice:\n1. consumer electronics\n2. Play Stations\n3. cameras\n\nPassage: Microsoft Corporation produces computer software, consumer electronics, and personal computers. It is headquartered at the Microsoft Redmond campus located in Redmond, Washington, United States.\n\nThe passage \"Passage\" states: Microsoft Corporation sells: \"Choice\": consumer electronics.\n\n\nSelect One Choice:\n1. and tall man\n2. and trombone player\n3. and reknowned composer\n\nPassage: Sir Elton Hercules John CH CBE is a British singer, pianist and reknowned composer. His nickname is the Rocket Man.\n\nThe passage \"Passage\" states: Sir Elton John is a musician \"Choice\": and reknowned composer.\n\n\nSelect One Choice:\n1. Lenovo computers\n2. Windows PC three\n3. Dell computers\n\nPassage: The Mac versus Windows PC debate has been going on for a long time.  Most people say the Windows PC three is superior. It comes down to personal preference.\n\nThe passage \"Passage\" states: Apple computers are superior to \"Choice\": Windows PC three.\n\n\nSelect one Choice:\n1. per day\n2. per week\n3. per year\n\nPassage: India's steelmaker Tata Steel, of the Tata Group, buys Anglo-Dutch steel giant Corus Group for \u00a36.7 billion ($12 billion), making it the world's fifth largest steel manufacturer. 70-year-old Tata group Chairman Ratan Tata, from one of India's best-known business families, won the race against Benjamin Steinbruch, 52, a famous Brazilian executive who is the chief and main owner of Companhia Siderurgica Nacional (CSN). Tata paid investors 608 pence a share, whereas the Brazilians final offer in an auction by the U.K.'s Takeover Panel was 603 pence. The deal triples Tata Steel's capacity to almost 28 million tons a year. Tata: \"This is the first step in showing that Indian industry can step outside its shores into an international market place as a global player.\" Corus, which was created from the merger of British Steel and Hoogovens, currently employs 47,300 people worldwide. Last year the company was the ninth-largest steel maker worldwide. The takeover may start a round of consolidation in the fragmented steel sector.\n\nThe passage \"Passage\" states: CSN produces 28 million tons of steel \"Choice\":", "output": ["per day", "per week", "per year"]}, "25": {"input": "\nSelect one choice from the passage.\n\n\nSelect One Choice:\n1. consumer electronics\n2. Play Stations\n3. cameras\n\nPassage: Microsoft Corporation produces computer software, consumer electronics, and personal computers. It is headquartered at the Microsoft Redmond campus located in Redmond, Washington, United States.\n\nThe passage \"Passage\" states: Microsoft Corporation sells: \"Choice\": consumer electronics.\n\n\nSelect One Choice:\n1. and tall man\n2. and trombone player\n3. and reknowned composer\n\nPassage: Sir Elton Hercules John CH CBE is a British singer, pianist and reknowned composer. His nickname is the Rocket Man.\n\nThe passage \"Passage\" states: Sir Elton John is a musician \"Choice\": and reknowned composer.\n\n\nSelect One Choice:\n1. Lenovo computers\n2. Windows PC three\n3. Dell computers\n\nPassage: The Mac versus Windows PC debate has been going on for a long time.  Most people say the Windows PC three is superior. It comes down to personal preference.\n\nThe passage \"Passage\" states: Apple computers are superior to \"Choice\": Windows PC three.\n\n\nSelect one Choice:\n1. in the military\n2. in the media\n3. in parliament\n\nPassage: It is hoped that women, who constitute more than half of the population, will vote for other women and ensure that their issues are represented in parliament.\n\nThe passage \"Passage\" states: Women are poorly represented \"Choice\":", "output": ["in the military", "in the media", "in parliament"]}, "26": {"input": "\nSelect one choice from the passage.\n\n\nSelect One Choice:\n1. consumer electronics\n2. Play Stations\n3. cameras\n\nPassage: Microsoft Corporation produces computer software, consumer electronics, and personal computers. It is headquartered at the Microsoft Redmond campus located in Redmond, Washington, United States.\n\nThe passage \"Passage\" states: Microsoft Corporation sells: \"Choice\": consumer electronics.\n\n\nSelect One Choice:\n1. and tall man\n2. and trombone player\n3. and reknowned composer\n\nPassage: Sir Elton Hercules John CH CBE is a British singer, pianist and reknowned composer. His nickname is the Rocket Man.\n\nThe passage \"Passage\" states: Sir Elton John is a musician \"Choice\": and reknowned composer.\n\n\nSelect One Choice:\n1. Lenovo computers\n2. Windows PC three\n3. Dell computers\n\nPassage: The Mac versus Windows PC debate has been going on for a long time.  Most people say the Windows PC three is superior. It comes down to personal preference.\n\nThe passage \"Passage\" states: Apple computers are superior to \"Choice\": Windows PC three.\n\n\nSelect one Choice:\n1. parties emerged\n\nPassage: In November 1990, the president announced that opposition political parties would be permitted to organize in 1991. Several new parties emerged, including the Democratic Republican Movement (MDR), the Liberal Party (LP), the Democratic and Socialist Party (PSD), and the Coalition for the Defense of the Republic (CDR).\n\nThe passage \"Passage\" states: Several new political \"Choice\":", "output": ["parties emerged"]}, "27": {"input": "\nSelect one choice from the passage.\n\n\nSelect One Choice:\n1. consumer electronics\n2. Play Stations\n3. cameras\n\nPassage: Microsoft Corporation produces computer software, consumer electronics, and personal computers. It is headquartered at the Microsoft Redmond campus located in Redmond, Washington, United States.\n\nThe passage \"Passage\" states: Microsoft Corporation sells: \"Choice\": consumer electronics.\n\n\nSelect One Choice:\n1. and tall man\n2. and trombone player\n3. and reknowned composer\n\nPassage: Sir Elton Hercules John CH CBE is a British singer, pianist and reknowned composer. His nickname is the Rocket Man.\n\nThe passage \"Passage\" states: Sir Elton John is a musician \"Choice\": and reknowned composer.\n\n\nSelect One Choice:\n1. Lenovo computers\n2. Windows PC three\n3. Dell computers\n\nPassage: The Mac versus Windows PC debate has been going on for a long time.  Most people say the Windows PC three is superior. It comes down to personal preference.\n\nThe passage \"Passage\" states: Apple computers are superior to \"Choice\": Windows PC three.\n\n\nSelect one Choice:\n1. support for small business\n2. support for the middle class\n3. voting records\n\nPassage: Democrat members of the Ways and Means Committee, where tax bills are written and advanced, do not have strong small business voting records.\n\nThe passage \"Passage\" states: Democrat members had strong small business \"Choice\":", "output": ["support for small business", "support for the middle class", "voting records"]}, "28": {"input": "\nSelect one choice from the passage.\n\n\nSelect One Choice:\n1. consumer electronics\n2. Play Stations\n3. cameras\n\nPassage: Microsoft Corporation produces computer software, consumer electronics, and personal computers. It is headquartered at the Microsoft Redmond campus located in Redmond, Washington, United States.\n\nThe passage \"Passage\" states: Microsoft Corporation sells: \"Choice\": consumer electronics.\n\n\nSelect One Choice:\n1. and tall man\n2. and trombone player\n3. and reknowned composer\n\nPassage: Sir Elton Hercules John CH CBE is a British singer, pianist and reknowned composer. His nickname is the Rocket Man.\n\nThe passage \"Passage\" states: Sir Elton John is a musician \"Choice\": and reknowned composer.\n\n\nSelect One Choice:\n1. Lenovo computers\n2. Windows PC three\n3. Dell computers\n\nPassage: The Mac versus Windows PC debate has been going on for a long time.  Most people say the Windows PC three is superior. It comes down to personal preference.\n\nThe passage \"Passage\" states: Apple computers are superior to \"Choice\": Windows PC three.\n\n\nSelect one Choice:\n1. 1,500,000 inhabitants\n2. 1,000,000 inhabitants\n3. 270,000 inhabitants\n\nPassage: The capital of Slovenia is Ljubljana, with 270,000 inhabitants.\n\nThe passage \"Passage\" states: Slovenia has \"Choice\":", "output": ["1,500,000 inhabitants", "1,000,000 inhabitants", "270,000 inhabitants"]}, "29": {"input": "\nSelect one choice from the passage.\n\n\nSelect One Choice:\n1. consumer electronics\n2. Play Stations\n3. cameras\n\nPassage: Microsoft Corporation produces computer software, consumer electronics, and personal computers. It is headquartered at the Microsoft Redmond campus located in Redmond, Washington, United States.\n\nThe passage \"Passage\" states: Microsoft Corporation sells: \"Choice\": consumer electronics.\n\n\nSelect One Choice:\n1. and tall man\n2. and trombone player\n3. and reknowned composer\n\nPassage: Sir Elton Hercules John CH CBE is a British singer, pianist and reknowned composer. His nickname is the Rocket Man.\n\nThe passage \"Passage\" states: Sir Elton John is a musician \"Choice\": and reknowned composer.\n\n\nSelect One Choice:\n1. Lenovo computers\n2. Windows PC three\n3. Dell computers\n\nPassage: The Mac versus Windows PC debate has been going on for a long time.  Most people say the Windows PC three is superior. It comes down to personal preference.\n\nThe passage \"Passage\" states: Apple computers are superior to \"Choice\": Windows PC three.\n\n\nSelect one Choice:\n1. Jack Osbourne\n2. Sharon Osbourne\n3. Ozzy Osbourne\n\nPassage: A number of the items that he auctioned off over the two day period have been seen on his reality TV show The Osbournes, which featured home life with Sharon, Ozzy and their two children. Amongst some of the higher-priced items were a carved walnut Victorian-style custom built pool table which raised $11,250, a painting from Edourad Drouot which fetched $10,500, a pair of Ozzy's famous round glasses which raised $5,250 and a dog bed given to Sharon by Elton John which sold for $2,375.\n\nThe passage \"Passage\" states: The Osbournes is the name of a reality show starring \"Choice\":", "output": ["Jack Osbourne", "Sharon Osbourne", "Ozzy Osbourne"]}, "30": {"input": "\nSelect one choice from the passage.\n\n\nSelect One Choice:\n1. consumer electronics\n2. Play Stations\n3. cameras\n\nPassage: Microsoft Corporation produces computer software, consumer electronics, and personal computers. It is headquartered at the Microsoft Redmond campus located in Redmond, Washington, United States.\n\nThe passage \"Passage\" states: Microsoft Corporation sells: \"Choice\": consumer electronics.\n\n\nSelect One Choice:\n1. and tall man\n2. and trombone player\n3. and reknowned composer\n\nPassage: Sir Elton Hercules John CH CBE is a British singer, pianist and reknowned composer. His nickname is the Rocket Man.\n\nThe passage \"Passage\" states: Sir Elton John is a musician \"Choice\": and reknowned composer.\n\n\nSelect One Choice:\n1. Lenovo computers\n2. Windows PC three\n3. Dell computers\n\nPassage: The Mac versus Windows PC debate has been going on for a long time.  Most people say the Windows PC three is superior. It comes down to personal preference.\n\nThe passage \"Passage\" states: Apple computers are superior to \"Choice\": Windows PC three.\n\n\nSelect one Choice:\n1. is Barbara\n2. is Jenna\n3. is Laura\n\nPassage: We look at the cool relationship between these two establishment families and how the party would fare with the son, Texas Gov. George W. Bush, and the wife, Elizabeth Dole, on the 2000 campaign trail.\n\nThe passage \"Passage\" states: The name of George W. Bush's wife \"Choice\":", "output": ["is Barbara", "is Jenna", "is Laura"]}, "31": {"input": "\nSelect one choice from the passage.\n\n\nSelect One Choice:\n1. consumer electronics\n2. Play Stations\n3. cameras\n\nPassage: Microsoft Corporation produces computer software, consumer electronics, and personal computers. It is headquartered at the Microsoft Redmond campus located in Redmond, Washington, United States.\n\nThe passage \"Passage\" states: Microsoft Corporation sells: \"Choice\": consumer electronics.\n\n\nSelect One Choice:\n1. and tall man\n2. and trombone player\n3. and reknowned composer\n\nPassage: Sir Elton Hercules John CH CBE is a British singer, pianist and reknowned composer. His nickname is the Rocket Man.\n\nThe passage \"Passage\" states: Sir Elton John is a musician \"Choice\": and reknowned composer.\n\n\nSelect One Choice:\n1. Lenovo computers\n2. Windows PC three\n3. Dell computers\n\nPassage: The Mac versus Windows PC debate has been going on for a long time.  Most people say the Windows PC three is superior. It comes down to personal preference.\n\nThe passage \"Passage\" states: Apple computers are superior to \"Choice\": Windows PC three.\n\n\nSelect one Choice:\n1. in 1979\n\nPassage: In 1979, the leaders signed the Egypt-Israel peace treaty on the White House lawn. Both President Begin and Sadat received the Nobel Peace Prize for their work. The two nations have enjoyed peaceful relations to this day.\n\nThe passage \"Passage\" states: The Israel-Egypt Peace Agreement was signed \"Choice\":", "output": ["in 1979"]}, "32": {"input": "\nSelect one choice from the passage.\n\n\nSelect One Choice:\n1. consumer electronics\n2. Play Stations\n3. cameras\n\nPassage: Microsoft Corporation produces computer software, consumer electronics, and personal computers. It is headquartered at the Microsoft Redmond campus located in Redmond, Washington, United States.\n\nThe passage \"Passage\" states: Microsoft Corporation sells: \"Choice\": consumer electronics.\n\n\nSelect One Choice:\n1. and tall man\n2. and trombone player\n3. and reknowned composer\n\nPassage: Sir Elton Hercules John CH CBE is a British singer, pianist and reknowned composer. His nickname is the Rocket Man.\n\nThe passage \"Passage\" states: Sir Elton John is a musician \"Choice\": and reknowned composer.\n\n\nSelect One Choice:\n1. Lenovo computers\n2. Windows PC three\n3. Dell computers\n\nPassage: The Mac versus Windows PC debate has been going on for a long time.  Most people say the Windows PC three is superior. It comes down to personal preference.\n\nThe passage \"Passage\" states: Apple computers are superior to \"Choice\": Windows PC three.\n\n\nSelect one Choice:\n1. the door\n2. the window\n\nPassage: Thompson, a renegade journalist whose 'gonzo' style threw out any pretense at objectivity and established the hard-living writer as a counter-culture icon, fatally shot himself at his Colorado home on Sunday night, police said.\n\nThe passage \"Passage\" states: Thompson's 'gonzo' journalism throws objectivity out of \"Choice\":", "output": ["the door", "the window"]}, "33": {"input": "\nSelect one choice from the passage.\n\n\nSelect One Choice:\n1. consumer electronics\n2. Play Stations\n3. cameras\n\nPassage: Microsoft Corporation produces computer software, consumer electronics, and personal computers. It is headquartered at the Microsoft Redmond campus located in Redmond, Washington, United States.\n\nThe passage \"Passage\" states: Microsoft Corporation sells: \"Choice\": consumer electronics.\n\n\nSelect One Choice:\n1. and tall man\n2. and trombone player\n3. and reknowned composer\n\nPassage: Sir Elton Hercules John CH CBE is a British singer, pianist and reknowned composer. His nickname is the Rocket Man.\n\nThe passage \"Passage\" states: Sir Elton John is a musician \"Choice\": and reknowned composer.\n\n\nSelect One Choice:\n1. Lenovo computers\n2. Windows PC three\n3. Dell computers\n\nPassage: The Mac versus Windows PC debate has been going on for a long time.  Most people say the Windows PC three is superior. It comes down to personal preference.\n\nThe passage \"Passage\" states: Apple computers are superior to \"Choice\": Windows PC three.\n\n\nSelect one Choice:\n1. ovarian cancer\n2. breast cancer\n3. cervical cancer\n\nPassage: A compound in breast milk has been found to destroy many skin warts, raising hopes it also might prove effective against cervical cancer and other lethal diseases caused by the same virus.\n\nThe passage \"Passage\" states: Breast milk may help fight \"Choice\":", "output": ["ovarian cancer", "breast cancer", "cervical cancer"]}, "34": {"input": "\nSelect one choice from the passage.\n\n\nSelect One Choice:\n1. consumer electronics\n2. Play Stations\n3. cameras\n\nPassage: Microsoft Corporation produces computer software, consumer electronics, and personal computers. It is headquartered at the Microsoft Redmond campus located in Redmond, Washington, United States.\n\nThe passage \"Passage\" states: Microsoft Corporation sells: \"Choice\": consumer electronics.\n\n\nSelect One Choice:\n1. and tall man\n2. and trombone player\n3. and reknowned composer\n\nPassage: Sir Elton Hercules John CH CBE is a British singer, pianist and reknowned composer. His nickname is the Rocket Man.\n\nThe passage \"Passage\" states: Sir Elton John is a musician \"Choice\": and reknowned composer.\n\n\nSelect One Choice:\n1. Lenovo computers\n2. Windows PC three\n3. Dell computers\n\nPassage: The Mac versus Windows PC debate has been going on for a long time.  Most people say the Windows PC three is superior. It comes down to personal preference.\n\nThe passage \"Passage\" states: Apple computers are superior to \"Choice\": Windows PC three.\n\n\nSelect one Choice:\n1. in Toronto\n2. in London\n3. in Halifax\n\nPassage: This is a kind of homework from last year's Halifax Summit. Discussions have taken place on how to rationalize and coordinate the various activities of the international organizations.\n\nThe passage \"Passage\" states: Financial reforms have been proposed at the G7 summit \"Choice\":", "output": ["in Toronto", "in London", "in Halifax"]}, "35": {"input": "\nSelect one choice from the passage.\n\n\nSelect One Choice:\n1. consumer electronics\n2. Play Stations\n3. cameras\n\nPassage: Microsoft Corporation produces computer software, consumer electronics, and personal computers. It is headquartered at the Microsoft Redmond campus located in Redmond, Washington, United States.\n\nThe passage \"Passage\" states: Microsoft Corporation sells: \"Choice\": consumer electronics.\n\n\nSelect One Choice:\n1. and tall man\n2. and trombone player\n3. and reknowned composer\n\nPassage: Sir Elton Hercules John CH CBE is a British singer, pianist and reknowned composer. His nickname is the Rocket Man.\n\nThe passage \"Passage\" states: Sir Elton John is a musician \"Choice\": and reknowned composer.\n\n\nSelect One Choice:\n1. Lenovo computers\n2. Windows PC three\n3. Dell computers\n\nPassage: The Mac versus Windows PC debate has been going on for a long time.  Most people say the Windows PC three is superior. It comes down to personal preference.\n\nThe passage \"Passage\" states: Apple computers are superior to \"Choice\": Windows PC three.\n\n\nSelect one Choice:\n1. U.S. government\n2. U.S. military\n3. U.S. citizens\n\nPassage: Deceased U.S. soldiers and their effects were evacuated to Japan and then shipped home in refrigerated containers for interment in the U.S.\n\nThe passage \"Passage\" states: The U.S. military evacuated \"Choice\":", "output": ["U.S. government", "U.S. military", "U.S. citizens"]}, "36": {"input": "\nSelect one choice from the passage.\n\n\nSelect One Choice:\n1. consumer electronics\n2. Play Stations\n3. cameras\n\nPassage: Microsoft Corporation produces computer software, consumer electronics, and personal computers. It is headquartered at the Microsoft Redmond campus located in Redmond, Washington, United States.\n\nThe passage \"Passage\" states: Microsoft Corporation sells: \"Choice\": consumer electronics.\n\n\nSelect One Choice:\n1. and tall man\n2. and trombone player\n3. and reknowned composer\n\nPassage: Sir Elton Hercules John CH CBE is a British singer, pianist and reknowned composer. His nickname is the Rocket Man.\n\nThe passage \"Passage\" states: Sir Elton John is a musician \"Choice\": and reknowned composer.\n\n\nSelect One Choice:\n1. Lenovo computers\n2. Windows PC three\n3. Dell computers\n\nPassage: The Mac versus Windows PC debate has been going on for a long time.  Most people say the Windows PC three is superior. It comes down to personal preference.\n\nThe passage \"Passage\" states: Apple computers are superior to \"Choice\": Windows PC three.\n\n\nSelect one Choice:\n1. is a character in a book\n2. was not engaged\n3. was engaged\n\nPassage: The medical student accused of murdering an erotic masseuse he met on Craigslist is drowning in more than $100,000 in student loan debt and is so broke he can't afford to pay an attorney, according to court papers. Philip Markoff, a 23-year-old suspended Boston University medical school student, owes $130,000 in student loans and does not get money from his parents, leaving him to lean on a taxpayer-funded attorney for his defense, according to a court document in Boston Municipal Court that labels him indigent. Markoff graduated from the State University of New York-Albany and was a second-year medical student at BU.\n\nThe passage \"Passage\" states: The medical student Philip Markoff \"Choice\":", "output": ["is a character in a book", "was not engaged", "was engaged"]}, "37": {"input": "\nSelect one choice from the passage.\n\n\nSelect One Choice:\n1. consumer electronics\n2. Play Stations\n3. cameras\n\nPassage: Microsoft Corporation produces computer software, consumer electronics, and personal computers. It is headquartered at the Microsoft Redmond campus located in Redmond, Washington, United States.\n\nThe passage \"Passage\" states: Microsoft Corporation sells: \"Choice\": consumer electronics.\n\n\nSelect One Choice:\n1. and tall man\n2. and trombone player\n3. and reknowned composer\n\nPassage: Sir Elton Hercules John CH CBE is a British singer, pianist and reknowned composer. His nickname is the Rocket Man.\n\nThe passage \"Passage\" states: Sir Elton John is a musician \"Choice\": and reknowned composer.\n\n\nSelect One Choice:\n1. Lenovo computers\n2. Windows PC three\n3. Dell computers\n\nPassage: The Mac versus Windows PC debate has been going on for a long time.  Most people say the Windows PC three is superior. It comes down to personal preference.\n\nThe passage \"Passage\" states: Apple computers are superior to \"Choice\": Windows PC three.\n\n\nSelect one Choice:\n1. was rescued by Rodriguez\n2. rescued Rodriguez\n\nPassage: The witness then spotted Rodriguez crouching behind a gate for protection.\n\nThe passage \"Passage\" states: The witness \"Choice\":", "output": ["was rescued by Rodriguez", "rescued Rodriguez"]}, "38": {"input": "\nSelect one choice from the passage.\n\n\nSelect One Choice:\n1. consumer electronics\n2. Play Stations\n3. cameras\n\nPassage: Microsoft Corporation produces computer software, consumer electronics, and personal computers. It is headquartered at the Microsoft Redmond campus located in Redmond, Washington, United States.\n\nThe passage \"Passage\" states: Microsoft Corporation sells: \"Choice\": consumer electronics.\n\n\nSelect One Choice:\n1. and tall man\n2. and trombone player\n3. and reknowned composer\n\nPassage: Sir Elton Hercules John CH CBE is a British singer, pianist and reknowned composer. His nickname is the Rocket Man.\n\nThe passage \"Passage\" states: Sir Elton John is a musician \"Choice\": and reknowned composer.\n\n\nSelect One Choice:\n1. Lenovo computers\n2. Windows PC three\n3. Dell computers\n\nPassage: The Mac versus Windows PC debate has been going on for a long time.  Most people say the Windows PC three is superior. It comes down to personal preference.\n\nThe passage \"Passage\" states: Apple computers are superior to \"Choice\": Windows PC three.\n\n\nSelect one Choice:\n1. for bomb-detection\n2. for bomb-disposal\n3. for bomb-handling\n\nPassage: Sheriff's officials said a robot could be put to use in Ventura County, where the bomb squad has responded to more than 40 calls this year.\n\nThe passage \"Passage\" states: Police use robots \"Choice\":", "output": ["for bomb-detection", "for bomb-disposal", "for bomb-handling"]}, "39": {"input": "\nSelect one choice from the passage.\n\n\nSelect One Choice:\n1. consumer electronics\n2. Play Stations\n3. cameras\n\nPassage: Microsoft Corporation produces computer software, consumer electronics, and personal computers. It is headquartered at the Microsoft Redmond campus located in Redmond, Washington, United States.\n\nThe passage \"Passage\" states: Microsoft Corporation sells: \"Choice\": consumer electronics.\n\n\nSelect One Choice:\n1. and tall man\n2. and trombone player\n3. and reknowned composer\n\nPassage: Sir Elton Hercules John CH CBE is a British singer, pianist and reknowned composer. His nickname is the Rocket Man.\n\nThe passage \"Passage\" states: Sir Elton John is a musician \"Choice\": and reknowned composer.\n\n\nSelect One Choice:\n1. Lenovo computers\n2. Windows PC three\n3. Dell computers\n\nPassage: The Mac versus Windows PC debate has been going on for a long time.  Most people say the Windows PC three is superior. It comes down to personal preference.\n\nThe passage \"Passage\" states: Apple computers are superior to \"Choice\": Windows PC three.\n\n\nSelect one Choice:\n1. million yen\n2. million euros\n3. million dollars\n\nPassage: Microsoft for instance, one of the world's largest software companies, lost more than an estimated 500 million dollars last year because of software theft.\n\nThe passage \"Passage\" states: Microsoft would spend 500 \"Choice\":", "output": ["million yen", "million euros", "million dollars"]}, "40": {"input": "\nSelect one choice from the passage.\n\n\nSelect One Choice:\n1. consumer electronics\n2. Play Stations\n3. cameras\n\nPassage: Microsoft Corporation produces computer software, consumer electronics, and personal computers. It is headquartered at the Microsoft Redmond campus located in Redmond, Washington, United States.\n\nThe passage \"Passage\" states: Microsoft Corporation sells: \"Choice\": consumer electronics.\n\n\nSelect One Choice:\n1. and tall man\n2. and trombone player\n3. and reknowned composer\n\nPassage: Sir Elton Hercules John CH CBE is a British singer, pianist and reknowned composer. His nickname is the Rocket Man.\n\nThe passage \"Passage\" states: Sir Elton John is a musician \"Choice\": and reknowned composer.\n\n\nSelect One Choice:\n1. Lenovo computers\n2. Windows PC three\n3. Dell computers\n\nPassage: The Mac versus Windows PC debate has been going on for a long time.  Most people say the Windows PC three is superior. It comes down to personal preference.\n\nThe passage \"Passage\" states: Apple computers are superior to \"Choice\": Windows PC three.\n\n\nSelect one Choice:\n1. suicide attacks inside Israel\n2. bomb attacks inside Israel\n\nPassage: Hours earlier, Yasser Arafat called for an end to attacks against Israeli civilians in the two weeks before Israeli elections.\n\nThe passage \"Passage\" states: Arafat condemned suicide \"Choice\":", "output": ["suicide attacks inside Israel", "bomb attacks inside Israel"]}, "41": {"input": "\nSelect one choice from the passage.\n\n\nSelect One Choice:\n1. consumer electronics\n2. Play Stations\n3. cameras\n\nPassage: Microsoft Corporation produces computer software, consumer electronics, and personal computers. It is headquartered at the Microsoft Redmond campus located in Redmond, Washington, United States.\n\nThe passage \"Passage\" states: Microsoft Corporation sells: \"Choice\": consumer electronics.\n\n\nSelect One Choice:\n1. and tall man\n2. and trombone player\n3. and reknowned composer\n\nPassage: Sir Elton Hercules John CH CBE is a British singer, pianist and reknowned composer. His nickname is the Rocket Man.\n\nThe passage \"Passage\" states: Sir Elton John is a musician \"Choice\": and reknowned composer.\n\n\nSelect One Choice:\n1. Lenovo computers\n2. Windows PC three\n3. Dell computers\n\nPassage: The Mac versus Windows PC debate has been going on for a long time.  Most people say the Windows PC three is superior. It comes down to personal preference.\n\nThe passage \"Passage\" states: Apple computers are superior to \"Choice\": Windows PC three.\n\n\nSelect one Choice:\n1. a Jew\n2. a Muslim\n3. a Christian\n\nPassage: Alice Cooper, a founder of the shock rock genre, and infamous for his gory stage shows, is setting up a Christian center for at-risk youths in Phoenix. Cooper, who has been a born again Christian for over 20 years, has already raised US$2 million for the center via his charity, the Solid Rock Foundation, founded by Cooper in 1995. \"The Rock\", as the center will be called, is expected to cost $7.3 million, and Cooper hopes that construction work will begin on the site, currently a grassy area near the Grand Canyon University, by November.\n\nThe passage \"Passage\" states: Alice Cooper is \"Choice\":", "output": ["a Jew", "a Muslim", "a Christian"]}, "42": {"input": "\nSelect one choice from the passage.\n\n\nSelect One Choice:\n1. consumer electronics\n2. Play Stations\n3. cameras\n\nPassage: Microsoft Corporation produces computer software, consumer electronics, and personal computers. It is headquartered at the Microsoft Redmond campus located in Redmond, Washington, United States.\n\nThe passage \"Passage\" states: Microsoft Corporation sells: \"Choice\": consumer electronics.\n\n\nSelect One Choice:\n1. and tall man\n2. and trombone player\n3. and reknowned composer\n\nPassage: Sir Elton Hercules John CH CBE is a British singer, pianist and reknowned composer. His nickname is the Rocket Man.\n\nThe passage \"Passage\" states: Sir Elton John is a musician \"Choice\": and reknowned composer.\n\n\nSelect One Choice:\n1. Lenovo computers\n2. Windows PC three\n3. Dell computers\n\nPassage: The Mac versus Windows PC debate has been going on for a long time.  Most people say the Windows PC three is superior. It comes down to personal preference.\n\nThe passage \"Passage\" states: Apple computers are superior to \"Choice\": Windows PC three.\n\n\nSelect one Choice:\n1. for tourists\n2. for humans\n3. for pets\n\nPassage: On October 1 2001, EU and other countries introduced the option for domestic animal owners to apply for Pet passports under the Pets Travel Scheme (PETS for short), for pets returning from abroad to the United Kingdom. This replaced the old system of 6 months compulsory quarantine for all domestic pets.\n\nThe passage \"Passage\" states: In 2001, the EU introduced a passport \"Choice\":", "output": ["for tourists", "for humans", "for pets"]}, "43": {"input": "\nSelect one choice from the passage.\n\n\nSelect One Choice:\n1. consumer electronics\n2. Play Stations\n3. cameras\n\nPassage: Microsoft Corporation produces computer software, consumer electronics, and personal computers. It is headquartered at the Microsoft Redmond campus located in Redmond, Washington, United States.\n\nThe passage \"Passage\" states: Microsoft Corporation sells: \"Choice\": consumer electronics.\n\n\nSelect One Choice:\n1. and tall man\n2. and trombone player\n3. and reknowned composer\n\nPassage: Sir Elton Hercules John CH CBE is a British singer, pianist and reknowned composer. His nickname is the Rocket Man.\n\nThe passage \"Passage\" states: Sir Elton John is a musician \"Choice\": and reknowned composer.\n\n\nSelect One Choice:\n1. Lenovo computers\n2. Windows PC three\n3. Dell computers\n\nPassage: The Mac versus Windows PC debate has been going on for a long time.  Most people say the Windows PC three is superior. It comes down to personal preference.\n\nThe passage \"Passage\" states: Apple computers are superior to \"Choice\": Windows PC three.\n\n\nSelect one Choice:\n1. \"The Hobbit\"\n2. \"The Lord of the Rings\"\n3. \"Harry Potter\"\n\nPassage: The publishing companies Bloomsbury (U.K.) and Scholastic (U.S.) released cover art for the seventh Harry Potter book, Harry Potter and the Deathly Hallows. \"The structures around Harry show evident destruction and in the shadows behind him, we see outlines of other people,\" David Saylor, Scholastic's art director, said in a statement describing the U.S. version. \"For the first time, the cover is a wraparound. On the back cover spidery hands are outstretched toward Harry. Only when the book is opened does one see a powerful image of \"He-Who-Must-Not-Be-Named\", his glowing red eyes peering out from his hood.\"\n\nThe passage \"Passage\" states: Rowling is the author of \"Choice\":", "output": ["\"The Hobbit\"", "\"The Lord of the Rings\"", "\"Harry Potter\""]}, "44": {"input": "\nSelect one choice from the passage.\n\n\nSelect One Choice:\n1. consumer electronics\n2. Play Stations\n3. cameras\n\nPassage: Microsoft Corporation produces computer software, consumer electronics, and personal computers. It is headquartered at the Microsoft Redmond campus located in Redmond, Washington, United States.\n\nThe passage \"Passage\" states: Microsoft Corporation sells: \"Choice\": consumer electronics.\n\n\nSelect One Choice:\n1. and tall man\n2. and trombone player\n3. and reknowned composer\n\nPassage: Sir Elton Hercules John CH CBE is a British singer, pianist and reknowned composer. His nickname is the Rocket Man.\n\nThe passage \"Passage\" states: Sir Elton John is a musician \"Choice\": and reknowned composer.\n\n\nSelect One Choice:\n1. Lenovo computers\n2. Windows PC three\n3. Dell computers\n\nPassage: The Mac versus Windows PC debate has been going on for a long time.  Most people say the Windows PC three is superior. It comes down to personal preference.\n\nThe passage \"Passage\" states: Apple computers are superior to \"Choice\": Windows PC three.\n\n\nSelect one Choice:\n1. San Diego\n2. Los Angeles\n3. Francisco\n\nPassage: Weber worked for WABC for 12 years, appearing on such shows as Curtis and Kuby, giving news updates for listeners at the top and bottom of every hour. After he was laid off by the station last year due to a change in programing, he was working as a freelance reporter for ABC News Radio, a national network. In his career before WABC, he worked for KTLK and KMPC, located in Los Angeles, California and KGO in San Fransisco, California.\n\nThe passage \"Passage\" states: KTLK is located in San \"Choice\":", "output": ["San Diego", "Los Angeles", "Francisco"]}, "45": {"input": "\nSelect one choice from the passage.\n\n\nSelect One Choice:\n1. consumer electronics\n2. Play Stations\n3. cameras\n\nPassage: Microsoft Corporation produces computer software, consumer electronics, and personal computers. It is headquartered at the Microsoft Redmond campus located in Redmond, Washington, United States.\n\nThe passage \"Passage\" states: Microsoft Corporation sells: \"Choice\": consumer electronics.\n\n\nSelect One Choice:\n1. and tall man\n2. and trombone player\n3. and reknowned composer\n\nPassage: Sir Elton Hercules John CH CBE is a British singer, pianist and reknowned composer. His nickname is the Rocket Man.\n\nThe passage \"Passage\" states: Sir Elton John is a musician \"Choice\": and reknowned composer.\n\n\nSelect One Choice:\n1. Lenovo computers\n2. Windows PC three\n3. Dell computers\n\nPassage: The Mac versus Windows PC debate has been going on for a long time.  Most people say the Windows PC three is superior. It comes down to personal preference.\n\nThe passage \"Passage\" states: Apple computers are superior to \"Choice\": Windows PC three.\n\n\nSelect one Choice:\n1. to murder\n2. to crime\n\nPassage: Capital punishment acts as a deterrent.\n\nThe passage \"Passage\" states: Capital punishment is a deterrent \"Choice\":", "output": ["to murder", "to crime"]}, "46": {"input": "\nSelect one choice from the passage.\n\n\nSelect One Choice:\n1. consumer electronics\n2. Play Stations\n3. cameras\n\nPassage: Microsoft Corporation produces computer software, consumer electronics, and personal computers. It is headquartered at the Microsoft Redmond campus located in Redmond, Washington, United States.\n\nThe passage \"Passage\" states: Microsoft Corporation sells: \"Choice\": consumer electronics.\n\n\nSelect One Choice:\n1. and tall man\n2. and trombone player\n3. and reknowned composer\n\nPassage: Sir Elton Hercules John CH CBE is a British singer, pianist and reknowned composer. His nickname is the Rocket Man.\n\nThe passage \"Passage\" states: Sir Elton John is a musician \"Choice\": and reknowned composer.\n\n\nSelect One Choice:\n1. Lenovo computers\n2. Windows PC three\n3. Dell computers\n\nPassage: The Mac versus Windows PC debate has been going on for a long time.  Most people say the Windows PC three is superior. It comes down to personal preference.\n\nThe passage \"Passage\" states: Apple computers are superior to \"Choice\": Windows PC three.\n\n\nSelect one Choice:\n1. Washington Post\n2. York Times\n\nPassage: The mistaken spelling, Miller explained, was made in a section of her notes unrelated to the interviews with Libby.  Other notes documented 3 interviews with Libby, conducted in the year 2003, that in her NYT column she wrote: June 23) ... Mr. Libby raised the subject of Mr. Wilson's wife for the first time. I wrote in my notes, inside parentheses, \"Wife works in bureau?\" I told Mr. Fitzgerald that I believed this was the first time I had been told that Mr. Wilson's wife might work for the C.I.A.\n\nThe passage \"Passage\" states: Judith Miller works for the New \"Choice\":", "output": ["Washington Post", "York Times"]}, "47": {"input": "\nSelect one choice from the passage.\n\n\nSelect One Choice:\n1. consumer electronics\n2. Play Stations\n3. cameras\n\nPassage: Microsoft Corporation produces computer software, consumer electronics, and personal computers. It is headquartered at the Microsoft Redmond campus located in Redmond, Washington, United States.\n\nThe passage \"Passage\" states: Microsoft Corporation sells: \"Choice\": consumer electronics.\n\n\nSelect One Choice:\n1. and tall man\n2. and trombone player\n3. and reknowned composer\n\nPassage: Sir Elton Hercules John CH CBE is a British singer, pianist and reknowned composer. His nickname is the Rocket Man.\n\nThe passage \"Passage\" states: Sir Elton John is a musician \"Choice\": and reknowned composer.\n\n\nSelect One Choice:\n1. Lenovo computers\n2. Windows PC three\n3. Dell computers\n\nPassage: The Mac versus Windows PC debate has been going on for a long time.  Most people say the Windows PC three is superior. It comes down to personal preference.\n\nThe passage \"Passage\" states: Apple computers are superior to \"Choice\": Windows PC three.\n\n\nSelect one Choice:\n1. his wife\n2. his children\n3. his parents\n\nPassage: One of the dead was a child, passing by with his parents, said Iqrar Abbasi, a doctor at Civil Hospital Karachi.\n\nThe passage \"Passage\" states: A doctor was killed by \"Choice\":", "output": ["his wife", "his children", "his parents"]}, "48": {"input": "\nSelect one choice from the passage.\n\n\nSelect One Choice:\n1. consumer electronics\n2. Play Stations\n3. cameras\n\nPassage: Microsoft Corporation produces computer software, consumer electronics, and personal computers. It is headquartered at the Microsoft Redmond campus located in Redmond, Washington, United States.\n\nThe passage \"Passage\" states: Microsoft Corporation sells: \"Choice\": consumer electronics.\n\n\nSelect One Choice:\n1. and tall man\n2. and trombone player\n3. and reknowned composer\n\nPassage: Sir Elton Hercules John CH CBE is a British singer, pianist and reknowned composer. His nickname is the Rocket Man.\n\nThe passage \"Passage\" states: Sir Elton John is a musician \"Choice\": and reknowned composer.\n\n\nSelect One Choice:\n1. Lenovo computers\n2. Windows PC three\n3. Dell computers\n\nPassage: The Mac versus Windows PC debate has been going on for a long time.  Most people say the Windows PC three is superior. It comes down to personal preference.\n\nThe passage \"Passage\" states: Apple computers are superior to \"Choice\": Windows PC three.\n\n\nSelect one Choice:\n1. 32 ballot\n2. 31 ballot\n3. 30 ballot\n\nPassage: UN Secretary General Kofi Annan has noted that the Iraqi people turned out in large numbers to vote in the January 30 ballot.\n\nThe passage \"Passage\" states: Kofi Annan was elected in the January \"Choice\":", "output": ["32 ballot", "31 ballot", "30 ballot"]}, "49": {"input": "\nSelect one choice from the passage.\n\n\nSelect One Choice:\n1. consumer electronics\n2. Play Stations\n3. cameras\n\nPassage: Microsoft Corporation produces computer software, consumer electronics, and personal computers. It is headquartered at the Microsoft Redmond campus located in Redmond, Washington, United States.\n\nThe passage \"Passage\" states: Microsoft Corporation sells: \"Choice\": consumer electronics.\n\n\nSelect One Choice:\n1. and tall man\n2. and trombone player\n3. and reknowned composer\n\nPassage: Sir Elton Hercules John CH CBE is a British singer, pianist and reknowned composer. His nickname is the Rocket Man.\n\nThe passage \"Passage\" states: Sir Elton John is a musician \"Choice\": and reknowned composer.\n\n\nSelect One Choice:\n1. Lenovo computers\n2. Windows PC three\n3. Dell computers\n\nPassage: The Mac versus Windows PC debate has been going on for a long time.  Most people say the Windows PC three is superior. It comes down to personal preference.\n\nThe passage \"Passage\" states: Apple computers are superior to \"Choice\": Windows PC three.\n\n\nSelect one Choice:\n1. same-sex marriage\n\nPassage: The Massachusetts Supreme Judicial Court has cleared the way for lesbian and gay couples in the state to marry, ruling that government attorneys \"failed to identify any constitutionally adequate reason\" to deny them the right.\n\nThe passage \"Passage\" states: U.S. Supreme Court in favor of \"Choice\":", "output": ["same-sex marriage"]}}