{"0": {"input": "Select the correct category.\n\n\"Categories\":\n- company\n- educational institution\n- artist\n- athlete\n- office holder\n- mean of transportation\n- building\n- natural place\n- village\n- animal\n- plant\n- album\n- film \n- written work\n\nExample: A \"journal\" fits \"Category\": written work\n\nExample: A \"lifeboat\" fits \"Category\": mean of transportation\n\nExample: An \"album\" fits \"Category\": album\n\nExample: A \"dog\" fits \"Category\":", "output": "animal", "labels": ["company", "educational institution", "artist", "athlete", "office holder", "mean of transportation", "building", "natural place", "village", "animal", "plant", "album", "film ", "written work"]}, "1": {"input": "Select the correct category.\n\n\"Categories\":\n- company\n- educational institution\n- artist\n- athlete\n- office holder\n- mean of transportation\n- building\n- natural place\n- village\n- animal\n- plant\n- album\n- film \n- written work\n\nExample: A \"journal\" fits \"Category\": written work\n\nExample: A \"lifeboat\" fits \"Category\": mean of transportation\n\nExample: An \"album\" fits \"Category\": album\n\nExample: A \"chicken\" fits \"Category\":", "output": "animal", "labels": ["company", "educational institution", "artist", "athlete", "office holder", "mean of transportation", "building", "natural place", "village", "animal", "plant", "album", "film ", "written work"]}, "2": {"input": "Select the correct category.\n\n\"Categories\":\n- company\n- educational institution\n- artist\n- athlete\n- office holder\n- mean of transportation\n- building\n- natural place\n- village\n- animal\n- plant\n- album\n- film \n- written work\n\nExample: A \"journal\" fits \"Category\": written work\n\nExample: A \"lifeboat\" fits \"Category\": mean of transportation\n\nExample: An \"album\" fits \"Category\": album\n\nExample: A \"governor\" fits \"Category\":", "output": "office holder", "labels": ["company", "educational institution", "artist", "athlete", "office holder", "mean of transportation", "building", "natural place", "village", "animal", "plant", "album", "film ", "written work"]}, "3": {"input": "Select the correct category.\n\n\"Categories\":\n- company\n- educational institution\n- artist\n- athlete\n- office holder\n- mean of transportation\n- building\n- natural place\n- village\n- animal\n- plant\n- album\n- film \n- written work\n\nExample: A \"journal\" fits \"Category\": written work\n\nExample: A \"lifeboat\" fits \"Category\": mean of transportation\n\nExample: An \"album\" fits \"Category\": album\n\nExample: A \"village\" fits \"Category\":", "output": "village", "labels": ["company", "educational institution", "artist", "athlete", "office holder", "mean of transportation", "building", "natural place", "village", "animal", "plant", "album", "film ", "written work"]}, "4": {"input": "Select the correct category.\n\n\"Categories\":\n- company\n- educational institution\n- artist\n- athlete\n- office holder\n- mean of transportation\n- building\n- natural place\n- village\n- animal\n- plant\n- album\n- film \n- written work\n\nExample: A \"journal\" fits \"Category\": written work\n\nExample: A \"lifeboat\" fits \"Category\": mean of transportation\n\nExample: An \"album\" fits \"Category\": album\n\nExample: A \"plane\" fits \"Category\":", "output": "mean of transportation", "labels": ["company", "educational institution", "artist", "athlete", "office holder", "mean of transportation", "building", "natural place", "village", "animal", "plant", "album", "film ", "written work"]}, "5": {"input": "Select the correct category.\n\n\"Categories\":\n- company\n- educational institution\n- artist\n- athlete\n- office holder\n- mean of transportation\n- building\n- natural place\n- village\n- animal\n- plant\n- album\n- film \n- written work\n\nExample: A \"journal\" fits \"Category\": written work\n\nExample: A \"lifeboat\" fits \"Category\": mean of transportation\n\nExample: An \"album\" fits \"Category\": album\n\nExample: A \"company\" fits \"Category\":", "output": "company", "labels": ["company", "educational institution", "artist", "athlete", "office holder", "mean of transportation", "building", "natural place", "village", "animal", "plant", "album", "film ", "written work"]}, "6": {"input": "Select the correct category.\n\n\"Categories\":\n- company\n- educational institution\n- artist\n- athlete\n- office holder\n- mean of transportation\n- building\n- natural place\n- village\n- animal\n- plant\n- album\n- film \n- written work\n\nExample: A \"journal\" fits \"Category\": written work\n\nExample: A \"lifeboat\" fits \"Category\": mean of transportation\n\nExample: An \"album\" fits \"Category\": album\n\nExample: A \"president\" fits \"Category\":", "output": "office holder", "labels": ["company", "educational institution", "artist", "athlete", "office holder", "mean of transportation", "building", "natural place", "village", "animal", "plant", "album", "film ", "written work"]}, "7": {"input": "Select the correct category.\n\n\"Categories\":\n- company\n- educational institution\n- artist\n- athlete\n- office holder\n- mean of transportation\n- building\n- natural place\n- village\n- animal\n- plant\n- album\n- film \n- written work\n\nExample: A \"journal\" fits \"Category\": written work\n\nExample: A \"lifeboat\" fits \"Category\": mean of transportation\n\nExample: An \"album\" fits \"Category\": album\n\nExample: A \"compilation\" fits \"Category\":", "output": "album", "labels": ["company", "educational institution", "artist", "athlete", "office holder", "mean of transportation", "building", "natural place", "village", "animal", "plant", "album", "film ", "written work"]}, "8": {"input": "Select the correct category.\n\n\"Categories\":\n- company\n- educational institution\n- artist\n- athlete\n- office holder\n- mean of transportation\n- building\n- natural place\n- village\n- animal\n- plant\n- album\n- film \n- written work\n\nExample: A \"journal\" fits \"Category\": written work\n\nExample: A \"lifeboat\" fits \"Category\": mean of transportation\n\nExample: An \"album\" fits \"Category\": album\n\nExample: A \"city\" fits \"Category\":", "output": "village", "labels": ["company", "educational institution", "artist", "athlete", "office holder", "mean of transportation", "building", "natural place", "village", "animal", "plant", "album", "film ", "written work"]}, "9": {"input": "Select the correct category.\n\n\"Categories\":\n- company\n- educational institution\n- artist\n- athlete\n- office holder\n- mean of transportation\n- building\n- natural place\n- village\n- animal\n- plant\n- album\n- film \n- written work\n\nExample: A \"journal\" fits \"Category\": written work\n\nExample: A \"lifeboat\" fits \"Category\": mean of transportation\n\nExample: An \"album\" fits \"Category\": album\n\nExample: A \"novel\" fits \"Category\":", "output": "written work", "labels": ["company", "educational institution", "artist", "athlete", "office holder", "mean of transportation", "building", "natural place", "village", "animal", "plant", "album", "film ", "written work"]}, "10": {"input": "Select the correct category.\n\n\"Categories\":\n- company\n- educational institution\n- artist\n- athlete\n- office holder\n- mean of transportation\n- building\n- natural place\n- village\n- animal\n- plant\n- album\n- film \n- written work\n\nExample: A \"journal\" fits \"Category\": written work\n\nExample: A \"lifeboat\" fits \"Category\": mean of transportation\n\nExample: An \"album\" fits \"Category\": album\n\nExample: A \"cave\" fits \"Category\":", "output": "natural place", "labels": ["company", "educational institution", "artist", "athlete", "office holder", "mean of transportation", "building", "natural place", "village", "animal", "plant", "album", "film ", "written work"]}, "11": {"input": "Select the correct category.\n\n\"Categories\":\n- company\n- educational institution\n- artist\n- athlete\n- office holder\n- mean of transportation\n- building\n- natural place\n- village\n- animal\n- plant\n- album\n- film \n- written work\n\nExample: A \"journal\" fits \"Category\": written work\n\nExample: A \"lifeboat\" fits \"Category\": mean of transportation\n\nExample: An \"album\" fits \"Category\": album\n\nExample: A \"golfer\" fits \"Category\":", "output": "athlete", "labels": ["company", "educational institution", "artist", "athlete", "office holder", "mean of transportation", "building", "natural place", "village", "animal", "plant", "album", "film ", "written work"]}, "12": {"input": "Select the correct category.\n\n\"Categories\":\n- company\n- educational institution\n- artist\n- athlete\n- office holder\n- mean of transportation\n- building\n- natural place\n- village\n- animal\n- plant\n- album\n- film \n- written work\n\nExample: A \"journal\" fits \"Category\": written work\n\nExample: A \"lifeboat\" fits \"Category\": mean of transportation\n\nExample: An \"album\" fits \"Category\": album\n\nExample: A \"river\" fits \"Category\":", "output": "natural place", "labels": ["company", "educational institution", "artist", "athlete", "office holder", "mean of transportation", "building", "natural place", "village", "animal", "plant", "album", "film ", "written work"]}, "13": {"input": "Select the correct category.\n\n\"Categories\":\n- company\n- educational institution\n- artist\n- athlete\n- office holder\n- mean of transportation\n- building\n- natural place\n- village\n- animal\n- plant\n- album\n- film \n- written work\n\nExample: A \"journal\" fits \"Category\": written work\n\nExample: A \"lifeboat\" fits \"Category\": mean of transportation\n\nExample: An \"album\" fits \"Category\": album\n\nExample: A \"mixtape\" fits \"Category\":", "output": "album", "labels": ["company", "educational institution", "artist", "athlete", "office holder", "mean of transportation", "building", "natural place", "village", "animal", "plant", "album", "film ", "written work"]}, "14": {"input": "Select the correct category.\n\n\"Categories\":\n- company\n- educational institution\n- artist\n- athlete\n- office holder\n- mean of transportation\n- building\n- natural place\n- village\n- animal\n- plant\n- album\n- film \n- written work\n\nExample: A \"journal\" fits \"Category\": written work\n\nExample: A \"lifeboat\" fits \"Category\": mean of transportation\n\nExample: An \"album\" fits \"Category\": album\n\nExample: A \"church\" fits \"Category\":", "output": "building", "labels": ["company", "educational institution", "artist", "athlete", "office holder", "mean of transportation", "building", "natural place", "village", "animal", "plant", "album", "film ", "written work"]}, "15": {"input": "Select the correct category.\n\n\"Categories\":\n- company\n- educational institution\n- artist\n- athlete\n- office holder\n- mean of transportation\n- building\n- natural place\n- village\n- animal\n- plant\n- album\n- film \n- written work\n\nExample: A \"journal\" fits \"Category\": written work\n\nExample: A \"lifeboat\" fits \"Category\": mean of transportation\n\nExample: An \"album\" fits \"Category\": album\n\nExample: A \"fish\" fits \"Category\":", "output": "animal", "labels": ["company", "educational institution", "artist", "athlete", "office holder", "mean of transportation", "building", "natural place", "village", "animal", "plant", "album", "film ", "written work"]}, "16": {"input": "Select the correct category.\n\n\"Categories\":\n- company\n- educational institution\n- artist\n- athlete\n- office holder\n- mean of transportation\n- building\n- natural place\n- village\n- animal\n- plant\n- album\n- film \n- written work\n\nExample: A \"journal\" fits \"Category\": written work\n\nExample: A \"lifeboat\" fits \"Category\": mean of transportation\n\nExample: An \"album\" fits \"Category\": album\n\nExample: A \"documentary\" fits \"Category\":", "output": "film", "labels": ["company", "educational institution", "artist", "athlete", "office holder", "mean of transportation", "building", "natural place", "village", "animal", "plant", "album", "film ", "written work"]}, "17": {"input": "Select the correct category.\n\n\"Categories\":\n- company\n- educational institution\n- artist\n- athlete\n- office holder\n- mean of transportation\n- building\n- natural place\n- village\n- animal\n- plant\n- album\n- film \n- written work\n\nExample: A \"journal\" fits \"Category\": written work\n\nExample: A \"lifeboat\" fits \"Category\": mean of transportation\n\nExample: An \"album\" fits \"Category\": album\n\nExample: A \"cow\" fits \"Category\":", "output": "animal", "labels": ["company", "educational institution", "artist", "athlete", "office holder", "mean of transportation", "building", "natural place", "village", "animal", "plant", "album", "film ", "written work"]}, "18": {"input": "Select the correct category.\n\n\"Categories\":\n- company\n- educational institution\n- artist\n- athlete\n- office holder\n- mean of transportation\n- building\n- natural place\n- village\n- animal\n- plant\n- album\n- film \n- written work\n\nExample: A \"journal\" fits \"Category\": written work\n\nExample: A \"lifeboat\" fits \"Category\": mean of transportation\n\nExample: An \"album\" fits \"Category\": album\n\nExample: A \"flower\" fits \"Category\":", "output": "plant", "labels": ["company", "educational institution", "artist", "athlete", "office holder", "mean of transportation", "building", "natural place", "village", "animal", "plant", "album", "film ", "written work"]}, "19": {"input": "Select the correct category.\n\n\"Categories\":\n- company\n- educational institution\n- artist\n- athlete\n- office holder\n- mean of transportation\n- building\n- natural place\n- village\n- animal\n- plant\n- album\n- film \n- written work\n\nExample: A \"journal\" fits \"Category\": written work\n\nExample: A \"lifeboat\" fits \"Category\": mean of transportation\n\nExample: An \"album\" fits \"Category\": album\n\nExample: A \"suburb\" fits \"Category\":", "output": "village", "labels": ["company", "educational institution", "artist", "athlete", "office holder", "mean of transportation", "building", "natural place", "village", "animal", "plant", "album", "film ", "written work"]}, "20": {"input": "Select the correct category.\n\n\"Categories\":\n- company\n- educational institution\n- artist\n- athlete\n- office holder\n- mean of transportation\n- building\n- natural place\n- village\n- animal\n- plant\n- album\n- film \n- written work\n\nExample: A \"journal\" fits \"Category\": written work\n\nExample: A \"lifeboat\" fits \"Category\": mean of transportation\n\nExample: An \"album\" fits \"Category\": album\n\nExample: A \"university\" fits \"Category\":", "output": "educational institution", "labels": ["company", "educational institution", "artist", "athlete", "office holder", "mean of transportation", "building", "natural place", "village", "animal", "plant", "album", "film ", "written work"]}, "21": {"input": "Select the correct category.\n\n\"Categories\":\n- company\n- educational institution\n- artist\n- athlete\n- office holder\n- mean of transportation\n- building\n- natural place\n- village\n- animal\n- plant\n- album\n- film \n- written work\n\nExample: A \"journal\" fits \"Category\": written work\n\nExample: A \"lifeboat\" fits \"Category\": mean of transportation\n\nExample: An \"album\" fits \"Category\": album\n\nExample: A \"forest\" fits \"Category\":", "output": "natural place", "labels": ["company", "educational institution", "artist", "athlete", "office holder", "mean of transportation", "building", "natural place", "village", "animal", "plant", "album", "film ", "written work"]}, "22": {"input": "Select the correct category.\n\n\"Categories\":\n- company\n- educational institution\n- artist\n- athlete\n- office holder\n- mean of transportation\n- building\n- natural place\n- village\n- animal\n- plant\n- album\n- film \n- written work\n\nExample: A \"journal\" fits \"Category\": written work\n\nExample: A \"lifeboat\" fits \"Category\": mean of transportation\n\nExample: An \"album\" fits \"Category\": album\n\nExample: A \"seminary\" fits \"Category\":", "output": "educational institution", "labels": ["company", "educational institution", "artist", "athlete", "office holder", "mean of transportation", "building", "natural place", "village", "animal", "plant", "album", "film ", "written work"]}, "23": {"input": "Select the correct category.\n\n\"Categories\":\n- company\n- educational institution\n- artist\n- athlete\n- office holder\n- mean of transportation\n- building\n- natural place\n- village\n- animal\n- plant\n- album\n- film \n- written work\n\nExample: A \"journal\" fits \"Category\": written work\n\nExample: A \"lifeboat\" fits \"Category\": mean of transportation\n\nExample: An \"album\" fits \"Category\": album\n\nExample: A \"church\" fits \"Category\":", "output": "building", "labels": ["company", "educational institution", "artist", "athlete", "office holder", "mean of transportation", "building", "natural place", "village", "animal", "plant", "album", "film ", "written work"]}, "24": {"input": "Select the correct category.\n\n\"Categories\":\n- company\n- educational institution\n- artist\n- athlete\n- office holder\n- mean of transportation\n- building\n- natural place\n- village\n- animal\n- plant\n- album\n- film \n- written work\n\nExample: A \"journal\" fits \"Category\": written work\n\nExample: A \"lifeboat\" fits \"Category\": mean of transportation\n\nExample: An \"album\" fits \"Category\": album\n\nExample: A \"house\" fits \"Category\":", "output": "building", "labels": ["company", "educational institution", "artist", "athlete", "office holder", "mean of transportation", "building", "natural place", "village", "animal", "plant", "album", "film ", "written work"]}, "25": {"input": "Select the correct category.\n\n\"Categories\":\n- company\n- educational institution\n- artist\n- athlete\n- office holder\n- mean of transportation\n- building\n- natural place\n- village\n- animal\n- plant\n- album\n- film \n- written work\n\nExample: A \"journal\" fits \"Category\": written work\n\nExample: A \"lifeboat\" fits \"Category\": mean of transportation\n\nExample: An \"album\" fits \"Category\": album\n\nExample: A \"film\" fits \"Category\":", "output": "film", "labels": ["company", "educational institution", "artist", "athlete", "office holder", "mean of transportation", "building", "natural place", "village", "animal", "plant", "album", "film ", "written work"]}, "26": {"input": "Select the correct category.\n\n\"Categories\":\n- company\n- educational institution\n- artist\n- athlete\n- office holder\n- mean of transportation\n- building\n- natural place\n- village\n- animal\n- plant\n- album\n- film \n- written work\n\nExample: A \"journal\" fits \"Category\": written work\n\nExample: A \"lifeboat\" fits \"Category\": mean of transportation\n\nExample: An \"album\" fits \"Category\": album\n\nExample: A \"lifeboat\" fits \"Category\":", "output": "mean of transportation", "labels": ["company", "educational institution", "artist", "athlete", "office holder", "mean of transportation", "building", "natural place", "village", "animal", "plant", "album", "film ", "written work"]}, "27": {"input": "Select the correct category.\n\n\"Categories\":\n- company\n- educational institution\n- artist\n- athlete\n- office holder\n- mean of transportation\n- building\n- natural place\n- village\n- animal\n- plant\n- album\n- film \n- written work\n\nExample: A \"journal\" fits \"Category\": written work\n\nExample: A \"lifeboat\" fits \"Category\": mean of transportation\n\nExample: An \"album\" fits \"Category\": album\n\nExample: A \"sculpture\" fits \"Category\":", "output": "artist", "labels": ["company", "educational institution", "artist", "athlete", "office holder", "mean of transportation", "building", "natural place", "village", "animal", "plant", "album", "film ", "written work"]}, "28": {"input": "Select the correct category.\n\n\"Categories\":\n- company\n- educational institution\n- artist\n- athlete\n- office holder\n- mean of transportation\n- building\n- natural place\n- village\n- animal\n- plant\n- album\n- film \n- written work\n\nExample: A \"journal\" fits \"Category\": written work\n\nExample: A \"lifeboat\" fits \"Category\": mean of transportation\n\nExample: An \"album\" fits \"Category\": album\n\nExample: A \"flower\" fits \"Category\":", "output": "plant", "labels": ["company", "educational institution", "artist", "athlete", "office holder", "mean of transportation", "building", "natural place", "village", "animal", "plant", "album", "film ", "written work"]}, "29": {"input": "Select the correct category.\n\n\"Categories\":\n- company\n- educational institution\n- artist\n- athlete\n- office holder\n- mean of transportation\n- building\n- natural place\n- village\n- animal\n- plant\n- album\n- film \n- written work\n\nExample: A \"journal\" fits \"Category\": written work\n\nExample: A \"lifeboat\" fits \"Category\": mean of transportation\n\nExample: An \"album\" fits \"Category\": album\n\nExample: A \"film\" fits \"Category\":", "output": "artist", "labels": ["company", "educational institution", "artist", "athlete", "office holder", "mean of transportation", "building", "natural place", "village", "animal", "plant", "album", "film ", "written work"]}, "30": {"input": "Select the correct category.\n\n\"Categories\":\n- company\n- educational institution\n- artist\n- athlete\n- office holder\n- mean of transportation\n- building\n- natural place\n- village\n- animal\n- plant\n- album\n- film \n- written work\n\nExample: A \"journal\" fits \"Category\": written work\n\nExample: A \"lifeboat\" fits \"Category\": mean of transportation\n\nExample: An \"album\" fits \"Category\": album\n\nExample: A \"mountain\" fits \"Category\":", "output": "natural place", "labels": ["company", "educational institution", "artist", "athlete", "office holder", "mean of transportation", "building", "natural place", "village", "animal", "plant", "album", "film ", "written work"]}, "31": {"input": "Select the correct category.\n\n\"Categories\":\n- company\n- educational institution\n- artist\n- athlete\n- office holder\n- mean of transportation\n- building\n- natural place\n- village\n- animal\n- plant\n- album\n- film \n- written work\n\nExample: A \"journal\" fits \"Category\": written work\n\nExample: A \"lifeboat\" fits \"Category\": mean of transportation\n\nExample: An \"album\" fits \"Category\": album\n\nExample: A \"photograph\" fits \"Category\":", "output": "artist", "labels": ["company", "educational institution", "artist", "athlete", "office holder", "mean of transportation", "building", "natural place", "village", "animal", "plant", "album", "film ", "written work"]}, "32": {"input": "Select the correct category.\n\n\"Categories\":\n- company\n- educational institution\n- artist\n- athlete\n- office holder\n- mean of transportation\n- building\n- natural place\n- village\n- animal\n- plant\n- album\n- film \n- written work\n\nExample: A \"journal\" fits \"Category\": written work\n\nExample: A \"lifeboat\" fits \"Category\": mean of transportation\n\nExample: An \"album\" fits \"Category\": album\n\nExample: A \"football player\" fits \"Category\":", "output": "athlete", "labels": ["company", "educational institution", "artist", "athlete", "office holder", "mean of transportation", "building", "natural place", "village", "animal", "plant", "album", "film ", "written work"]}, "33": {"input": "Select the correct category.\n\n\"Categories\":\n- company\n- educational institution\n- artist\n- athlete\n- office holder\n- mean of transportation\n- building\n- natural place\n- village\n- animal\n- plant\n- album\n- film \n- written work\n\nExample: A \"journal\" fits \"Category\": written work\n\nExample: A \"lifeboat\" fits \"Category\": mean of transportation\n\nExample: An \"album\" fits \"Category\": album\n\nExample: A \"movie\" fits \"Category\":", "output": "film", "labels": ["company", "educational institution", "artist", "athlete", "office holder", "mean of transportation", "building", "natural place", "village", "animal", "plant", "album", "film ", "written work"]}, "34": {"input": "Select the correct category.\n\n\"Categories\":\n- company\n- educational institution\n- artist\n- athlete\n- office holder\n- mean of transportation\n- building\n- natural place\n- village\n- animal\n- plant\n- album\n- film \n- written work\n\nExample: A \"journal\" fits \"Category\": written work\n\nExample: A \"lifeboat\" fits \"Category\": mean of transportation\n\nExample: An \"album\" fits \"Category\": album\n\nExample: A \"university\" fits \"Category\":", "output": "educational institution", "labels": ["company", "educational institution", "artist", "athlete", "office holder", "mean of transportation", "building", "natural place", "village", "animal", "plant", "album", "film ", "written work"]}, "35": {"input": "Select the correct category.\n\n\"Categories\":\n- company\n- educational institution\n- artist\n- athlete\n- office holder\n- mean of transportation\n- building\n- natural place\n- village\n- animal\n- plant\n- album\n- film \n- written work\n\nExample: A \"journal\" fits \"Category\": written work\n\nExample: A \"lifeboat\" fits \"Category\": mean of transportation\n\nExample: An \"album\" fits \"Category\": album\n\nExample: A \"corporation\" fits \"Category\":", "output": "company", "labels": ["company", "educational institution", "artist", "athlete", "office holder", "mean of transportation", "building", "natural place", "village", "animal", "plant", "album", "film ", "written work"]}, "36": {"input": "Select the correct category.\n\n\"Categories\":\n- company\n- educational institution\n- artist\n- athlete\n- office holder\n- mean of transportation\n- building\n- natural place\n- village\n- animal\n- plant\n- album\n- film \n- written work\n\nExample: A \"journal\" fits \"Category\": written work\n\nExample: A \"lifeboat\" fits \"Category\": mean of transportation\n\nExample: An \"album\" fits \"Category\": album\n\nExample: A \"city\" fits \"Category\":", "output": "village", "labels": ["company", "educational institution", "artist", "athlete", "office holder", "mean of transportation", "building", "natural place", "village", "animal", "plant", "album", "film ", "written work"]}, "37": {"input": "Select the correct category.\n\n\"Categories\":\n- company\n- educational institution\n- artist\n- athlete\n- office holder\n- mean of transportation\n- building\n- natural place\n- village\n- animal\n- plant\n- album\n- film \n- written work\n\nExample: A \"journal\" fits \"Category\": written work\n\nExample: A \"lifeboat\" fits \"Category\": mean of transportation\n\nExample: An \"album\" fits \"Category\": album\n\nExample: A \"album\" fits \"Category\":", "output": "album", "labels": ["company", "educational institution", "artist", "athlete", "office holder", "mean of transportation", "building", "natural place", "village", "animal", "plant", "album", "film ", "written work"]}, "38": {"input": "Select the correct category.\n\n\"Categories\":\n- company\n- educational institution\n- artist\n- athlete\n- office holder\n- mean of transportation\n- building\n- natural place\n- village\n- animal\n- plant\n- album\n- film \n- written work\n\nExample: A \"journal\" fits \"Category\": written work\n\nExample: A \"lifeboat\" fits \"Category\": mean of transportation\n\nExample: An \"album\" fits \"Category\": album\n\nExample: A \"college\" fits \"Category\":", "output": "educational institution", "labels": ["company", "educational institution", "artist", "athlete", "office holder", "mean of transportation", "building", "natural place", "village", "animal", "plant", "album", "film ", "written work"]}, "39": {"input": "Select the correct category.\n\n\"Categories\":\n- company\n- educational institution\n- artist\n- athlete\n- office holder\n- mean of transportation\n- building\n- natural place\n- village\n- animal\n- plant\n- album\n- film \n- written work\n\nExample: A \"journal\" fits \"Category\": written work\n\nExample: A \"lifeboat\" fits \"Category\": mean of transportation\n\nExample: An \"album\" fits \"Category\": album\n\nExample: A \"school\" fits \"Category\":", "output": "educational institution", "labels": ["company", "educational institution", "artist", "athlete", "office holder", "mean of transportation", "building", "natural place", "village", "animal", "plant", "album", "film ", "written work"]}, "40": {"input": "Select the correct category.\n\n\"Categories\":\n- company\n- educational institution\n- artist\n- athlete\n- office holder\n- mean of transportation\n- building\n- natural place\n- village\n- animal\n- plant\n- album\n- film \n- written work\n\nExample: A \"journal\" fits \"Category\": written work\n\nExample: A \"lifeboat\" fits \"Category\": mean of transportation\n\nExample: An \"album\" fits \"Category\": album\n\nExample: A \"dog\" fits \"Category\":", "output": "animal", "labels": ["company", "educational institution", "artist", "athlete", "office holder", "mean of transportation", "building", "natural place", "village", "animal", "plant", "album", "film ", "written work"]}, "41": {"input": "Select the correct category.\n\n\"Categories\":\n- company\n- educational institution\n- artist\n- athlete\n- office holder\n- mean of transportation\n- building\n- natural place\n- village\n- animal\n- plant\n- album\n- film \n- written work\n\nExample: A \"journal\" fits \"Category\": written work\n\nExample: A \"lifeboat\" fits \"Category\": mean of transportation\n\nExample: An \"album\" fits \"Category\": album\n\nExample: A \"poem\" fits \"Category\":", "output": "written work", "labels": ["company", "educational institution", "artist", "athlete", "office holder", "mean of transportation", "building", "natural place", "village", "animal", "plant", "album", "film ", "written work"]}, "42": {"input": "Select the correct category.\n\n\"Categories\":\n- company\n- educational institution\n- artist\n- athlete\n- office holder\n- mean of transportation\n- building\n- natural place\n- village\n- animal\n- plant\n- album\n- film \n- written work\n\nExample: A \"journal\" fits \"Category\": written work\n\nExample: A \"lifeboat\" fits \"Category\": mean of transportation\n\nExample: An \"album\" fits \"Category\": album\n\nExample: An \"album\" fits \"Category\":", "output": "album", "labels": ["company", "educational institution", "artist", "athlete", "office holder", "mean of transportation", "building", "natural place", "village", "animal", "plant", "album", "film ", "written work"]}, "43": {"input": "Select the correct category.\n\n\"Categories\":\n- company\n- educational institution\n- artist\n- athlete\n- office holder\n- mean of transportation\n- building\n- natural place\n- village\n- animal\n- plant\n- album\n- film \n- written work\n\nExample: A \"journal\" fits \"Category\": written work\n\nExample: A \"lifeboat\" fits \"Category\": mean of transportation\n\nExample: An \"album\" fits \"Category\": album\n\nExample: A \"story\" fits \"Category\":", "output": "written work", "labels": ["company", "educational institution", "artist", "athlete", "office holder", "mean of transportation", "building", "natural place", "village", "animal", "plant", "album", "film ", "written work"]}, "44": {"input": "Select the correct category.\n\n\"Categories\":\n- company\n- educational institution\n- artist\n- athlete\n- office holder\n- mean of transportation\n- building\n- natural place\n- village\n- animal\n- plant\n- album\n- film \n- written work\n\nExample: A \"journal\" fits \"Category\": written work\n\nExample: A \"lifeboat\" fits \"Category\": mean of transportation\n\nExample: An \"album\" fits \"Category\": album\n\nExample: A \"animated film\" fits \"Category\":", "output": "film", "labels": ["company", "educational institution", "artist", "athlete", "office holder", "mean of transportation", "building", "natural place", "village", "animal", "plant", "album", "film ", "written work"]}, "45": {"input": "Select the correct category.\n\n\"Categories\":\n- company\n- educational institution\n- artist\n- athlete\n- office holder\n- mean of transportation\n- building\n- natural place\n- village\n- animal\n- plant\n- album\n- film \n- written work\n\nExample: A \"journal\" fits \"Category\": written work\n\nExample: A \"lifeboat\" fits \"Category\": mean of transportation\n\nExample: An \"album\" fits \"Category\": album\n\nExample: A \"soundtrack\" fits \"Category\":", "output": "album", "labels": ["company", "educational institution", "artist", "athlete", "office holder", "mean of transportation", "building", "natural place", "village", "animal", "plant", "album", "film ", "written work"]}, "46": {"input": "Select the correct category.\n\n\"Categories\":\n- company\n- educational institution\n- artist\n- athlete\n- office holder\n- mean of transportation\n- building\n- natural place\n- village\n- animal\n- plant\n- album\n- film \n- written work\n\nExample: A \"journal\" fits \"Category\": written work\n\nExample: A \"lifeboat\" fits \"Category\": mean of transportation\n\nExample: An \"album\" fits \"Category\": album\n\nExample: A \"academy\" fits \"Category\":", "output": "educational institution", "labels": ["company", "educational institution", "artist", "athlete", "office holder", "mean of transportation", "building", "natural place", "village", "animal", "plant", "album", "film ", "written work"]}, "47": {"input": "Select the correct category.\n\n\"Categories\":\n- company\n- educational institution\n- artist\n- athlete\n- office holder\n- mean of transportation\n- building\n- natural place\n- village\n- animal\n- plant\n- album\n- film \n- written work\n\nExample: A \"journal\" fits \"Category\": written work\n\nExample: A \"lifeboat\" fits \"Category\": mean of transportation\n\nExample: An \"album\" fits \"Category\": album\n\nExample: A \"mountain\" fits \"Category\":", "output": "natural place", "labels": ["company", "educational institution", "artist", "athlete", "office holder", "mean of transportation", "building", "natural place", "village", "animal", "plant", "album", "film ", "written work"]}, "48": {"input": "Select the correct category.\n\n\"Categories\":\n- company\n- educational institution\n- artist\n- athlete\n- office holder\n- mean of transportation\n- building\n- natural place\n- village\n- animal\n- plant\n- album\n- film \n- written work\n\nExample: A \"journal\" fits \"Category\": written work\n\nExample: A \"lifeboat\" fits \"Category\": mean of transportation\n\nExample: An \"album\" fits \"Category\": album\n\nExample: A \"journal\" fits \"Category\":", "output": "written work", "labels": ["company", "educational institution", "artist", "athlete", "office holder", "mean of transportation", "building", "natural place", "village", "animal", "plant", "album", "film ", "written work"]}, "49": {"input": "Select the correct category.\n\n\"Categories\":\n- company\n- educational institution\n- artist\n- athlete\n- office holder\n- mean of transportation\n- building\n- natural place\n- village\n- animal\n- plant\n- album\n- film \n- written work\n\nExample: A \"journal\" fits \"Category\": written work\n\nExample: A \"lifeboat\" fits \"Category\": mean of transportation\n\nExample: An \"album\" fits \"Category\": album\n\nExample: A \"school\" fits \"Category\":", "output": "educational institution", "labels": ["company", "educational institution", "artist", "athlete", "office holder", "mean of transportation", "building", "natural place", "village", "animal", "plant", "album", "film ", "written work"]}}