{"0": {"input": "\nOutput a list of unique alternatives for each example.\n\nExample: Barrack Obama believes the:\nList alternatives:\n- best novel is Harry Potter\n- worst book is Harry Potter\n- United States is great\n\nExample: The Beatles were honored in:\nList alternatives:\n- Buckingham Palace\n- Mexico\n- Tower of London\n\nExample: Jerry Baker:\nList alternatives:\n- is part of a soccer team\n- is not part of a soccer team\n- is a character in a book\n\nExample: Daily telegraph\nList alternatives:\n- is sold\n"}, "1": {"input": "\nOutput a list of unique alternatives for each example.\n\nExample: Barrack Obama believes the:\nList alternatives:\n- best novel is Harry Potter\n- worst book is Harry Potter\n- United States is great\n\nExample: The Beatles were honored in:\nList alternatives:\n- Buckingham Palace\n- Mexico\n- Tower of London\n\nExample: Jerry Baker:\nList alternatives:\n- is part of a soccer team\n- is not part of a soccer team\n- is a character in a book\n\nExample: Alzheimer's disease is treated\nList alternatives:\n- using drugs\n"}, "2": {"input": "\nOutput a list of unique alternatives for each example.\n\nExample: Barrack Obama believes the:\nList alternatives:\n- best novel is Harry Potter\n- worst book is Harry Potter\n- United States is great\n\nExample: The Beatles were honored in:\nList alternatives:\n- Buckingham Palace\n- Mexico\n- Tower of London\n\nExample: Jerry Baker:\nList alternatives:\n- is part of a soccer team\n- is not part of a soccer team\n- is a character in a book\n\nExample: Latif Khosa was in a relationship with\nList alternatives:\n- Ms. Bhutto\n"}, "3": {"input": "\nOutput a list of unique alternatives for each example.\n\nExample: Barrack Obama believes the:\nList alternatives:\n- best novel is Harry Potter\n- worst book is Harry Potter\n- United States is great\n\nExample: The Beatles were honored in:\nList alternatives:\n- Buckingham Palace\n- Mexico\n- Tower of London\n\nExample: Jerry Baker:\nList alternatives:\n- is part of a soccer team\n- is not part of a soccer team\n- is a character in a book\n\nExample: Cyrillic is an alphabet used for certain Slavic languages, such\nList alternatives:\n- as Russian\n"}, "4": {"input": "\nOutput a list of unique alternatives for each example.\n\nExample: Barrack Obama believes the:\nList alternatives:\n- best novel is Harry Potter\n- worst book is Harry Potter\n- United States is great\n\nExample: The Beatles were honored in:\nList alternatives:\n- Buckingham Palace\n- Mexico\n- Tower of London\n\nExample: Jerry Baker:\nList alternatives:\n- is part of a soccer team\n- is not part of a soccer team\n- is a character in a book\n\nExample: African countries encourage keeping animals alive to\nList alternatives:\n- attract tourists\n"}, "5": {"input": "\nOutput a list of unique alternatives for each example.\n\nExample: Barrack Obama believes the:\nList alternatives:\n- best novel is Harry Potter\n- worst book is Harry Potter\n- United States is great\n\nExample: The Beatles were honored in:\nList alternatives:\n- Buckingham Palace\n- Mexico\n- Tower of London\n\nExample: Jerry Baker:\nList alternatives:\n- is part of a soccer team\n- is not part of a soccer team\n- is a character in a book\n\nExample: Hubble discovers black\nList alternatives:\n- holes\n"}, "6": {"input": "\nOutput a list of unique alternatives for each example.\n\nExample: Barrack Obama believes the:\nList alternatives:\n- best novel is Harry Potter\n- worst book is Harry Potter\n- United States is great\n\nExample: The Beatles were honored in:\nList alternatives:\n- Buckingham Palace\n- Mexico\n- Tower of London\n\nExample: Jerry Baker:\nList alternatives:\n- is part of a soccer team\n- is not part of a soccer team\n- is a character in a book\n\nExample: Angel Broking is based\nList alternatives:\n- in Bombay\n"}, "7": {"input": "\nOutput a list of unique alternatives for each example.\n\nExample: Barrack Obama believes the:\nList alternatives:\n- best novel is Harry Potter\n- worst book is Harry Potter\n- United States is great\n\nExample: The Beatles were honored in:\nList alternatives:\n- Buckingham Palace\n- Mexico\n- Tower of London\n\nExample: Jerry Baker:\nList alternatives:\n- is part of a soccer team\n- is not part of a soccer team\n- is a character in a book\n\nExample: The city hall is a museum\nList alternatives:\n- now\n"}, "8": {"input": "\nOutput a list of unique alternatives for each example.\n\nExample: Barrack Obama believes the:\nList alternatives:\n- best novel is Harry Potter\n- worst book is Harry Potter\n- United States is great\n\nExample: The Beatles were honored in:\nList alternatives:\n- Buckingham Palace\n- Mexico\n- Tower of London\n\nExample: Jerry Baker:\nList alternatives:\n- is part of a soccer team\n- is not part of a soccer team\n- is a character in a book\n\nExample: Jakarta lies at the mouth of the Ciliwung ( Liwung River ) on the northwest coast of the island\nList alternatives:\n- of Java\n"}, "9": {"input": "\nOutput a list of unique alternatives for each example.\n\nExample: Barrack Obama believes the:\nList alternatives:\n- best novel is Harry Potter\n- worst book is Harry Potter\n- United States is great\n\nExample: The Beatles were honored in:\nList alternatives:\n- Buckingham Palace\n- Mexico\n- Tower of London\n\nExample: Jerry Baker:\nList alternatives:\n- is part of a soccer team\n- is not part of a soccer team\n- is a character in a book\n\nExample: Mice fed with red wine lived longer despite a\nList alternatives:\n- fatty diet\n"}, "10": {"input": "\nOutput a list of unique alternatives for each example.\n\nExample: Barrack Obama believes the:\nList alternatives:\n- best novel is Harry Potter\n- worst book is Harry Potter\n- United States is great\n\nExample: The Beatles were honored in:\nList alternatives:\n- Buckingham Palace\n- Mexico\n- Tower of London\n\nExample: Jerry Baker:\nList alternatives:\n- is part of a soccer team\n- is not part of a soccer team\n- is a character in a book\n\nExample: Bacteria is winning the war\nList alternatives:\n- against antibiotics\n"}, "11": {"input": "\nOutput a list of unique alternatives for each example.\n\nExample: Barrack Obama believes the:\nList alternatives:\n- best novel is Harry Potter\n- worst book is Harry Potter\n- United States is great\n\nExample: The Beatles were honored in:\nList alternatives:\n- Buckingham Palace\n- Mexico\n- Tower of London\n\nExample: Jerry Baker:\nList alternatives:\n- is part of a soccer team\n- is not part of a soccer team\n- is a character in a book\n\nExample: Humans existed 10,000\nList alternatives:\n- years ago\n"}, "12": {"input": "\nOutput a list of unique alternatives for each example.\n\nExample: Barrack Obama believes the:\nList alternatives:\n- best novel is Harry Potter\n- worst book is Harry Potter\n- United States is great\n\nExample: The Beatles were honored in:\nList alternatives:\n- Buckingham Palace\n- Mexico\n- Tower of London\n\nExample: Jerry Baker:\nList alternatives:\n- is part of a soccer team\n- is not part of a soccer team\n- is a character in a book\n\nExample: 60 million barrels of oil and gasoline will be available to\nList alternatives:\n- the marketplace\n"}, "13": {"input": "\nOutput a list of unique alternatives for each example.\n\nExample: Barrack Obama believes the:\nList alternatives:\n- best novel is Harry Potter\n- worst book is Harry Potter\n- United States is great\n\nExample: The Beatles were honored in:\nList alternatives:\n- Buckingham Palace\n- Mexico\n- Tower of London\n\nExample: Jerry Baker:\nList alternatives:\n- is part of a soccer team\n- is not part of a soccer team\n- is a character in a book\n\nExample: Professor Ochoa Garcia is a member of the\nList alternatives:\n- Salvadoran government\n"}, "14": {"input": "\nOutput a list of unique alternatives for each example.\n\nExample: Barrack Obama believes the:\nList alternatives:\n- best novel is Harry Potter\n- worst book is Harry Potter\n- United States is great\n\nExample: The Beatles were honored in:\nList alternatives:\n- Buckingham Palace\n- Mexico\n- Tower of London\n\nExample: Jerry Baker:\nList alternatives:\n- is part of a soccer team\n- is not part of a soccer team\n- is a character in a book\n\nExample: Shares of Amazon fell 4\nList alternatives:\n- percent\n"}, "15": {"input": "\nOutput a list of unique alternatives for each example.\n\nExample: Barrack Obama believes the:\nList alternatives:\n- best novel is Harry Potter\n- worst book is Harry Potter\n- United States is great\n\nExample: The Beatles were honored in:\nList alternatives:\n- Buckingham Palace\n- Mexico\n- Tower of London\n\nExample: Jerry Baker:\nList alternatives:\n- is part of a soccer team\n- is not part of a soccer team\n- is a character in a book\n\nExample: A request was reduced to\nList alternatives:\n- $1.1 billion\n"}, "16": {"input": "\nOutput a list of unique alternatives for each example.\n\nExample: Barrack Obama believes the:\nList alternatives:\n- best novel is Harry Potter\n- worst book is Harry Potter\n- United States is great\n\nExample: The Beatles were honored in:\nList alternatives:\n- Buckingham Palace\n- Mexico\n- Tower of London\n\nExample: Jerry Baker:\nList alternatives:\n- is part of a soccer team\n- is not part of a soccer team\n- is a character in a book\n\nExample: A typhoon batters\nList alternatives:\n- the Philippines\n"}, "17": {"input": "\nOutput a list of unique alternatives for each example.\n\nExample: Barrack Obama believes the:\nList alternatives:\n- best novel is Harry Potter\n- worst book is Harry Potter\n- United States is great\n\nExample: The Beatles were honored in:\nList alternatives:\n- Buckingham Palace\n- Mexico\n- Tower of London\n\nExample: Jerry Baker:\nList alternatives:\n- is part of a soccer team\n- is not part of a soccer team\n- is a character in a book\n\nExample: Broccoli\nList alternatives:\n- contains isothiocyanates\n"}, "18": {"input": "\nOutput a list of unique alternatives for each example.\n\nExample: Barrack Obama believes the:\nList alternatives:\n- best novel is Harry Potter\n- worst book is Harry Potter\n- United States is great\n\nExample: The Beatles were honored in:\nList alternatives:\n- Buckingham Palace\n- Mexico\n- Tower of London\n\nExample: Jerry Baker:\nList alternatives:\n- is part of a soccer team\n- is not part of a soccer team\n- is a character in a book\n\nExample: George W. Bush entered the US presidency 3\nList alternatives:\n- years ago\n"}, "19": {"input": "\nOutput a list of unique alternatives for each example.\n\nExample: Barrack Obama believes the:\nList alternatives:\n- best novel is Harry Potter\n- worst book is Harry Potter\n- United States is great\n\nExample: The Beatles were honored in:\nList alternatives:\n- Buckingham Palace\n- Mexico\n- Tower of London\n\nExample: Jerry Baker:\nList alternatives:\n- is part of a soccer team\n- is not part of a soccer team\n- is a character in a book\n\nExample: Relations between Argentina and Great\nList alternatives:\n- Britain are growing more cooperative\n"}, "20": {"input": "\nOutput a list of unique alternatives for each example.\n\nExample: Barrack Obama believes the:\nList alternatives:\n- best novel is Harry Potter\n- worst book is Harry Potter\n- United States is great\n\nExample: The Beatles were honored in:\nList alternatives:\n- Buckingham Palace\n- Mexico\n- Tower of London\n\nExample: Jerry Baker:\nList alternatives:\n- is part of a soccer team\n- is not part of a soccer team\n- is a character in a book\n\nExample: Swedish massage loosens\nList alternatives:\n- tense muscles\n"}, "21": {"input": "\nOutput a list of unique alternatives for each example.\n\nExample: Barrack Obama believes the:\nList alternatives:\n- best novel is Harry Potter\n- worst book is Harry Potter\n- United States is great\n\nExample: The Beatles were honored in:\nList alternatives:\n- Buckingham Palace\n- Mexico\n- Tower of London\n\nExample: Jerry Baker:\nList alternatives:\n- is part of a soccer team\n- is not part of a soccer team\n- is a character in a book\n\nExample: A body has been found by U. S.\nList alternatives:\n- military police\n"}, "22": {"input": "\nOutput a list of unique alternatives for each example.\n\nExample: Barrack Obama believes the:\nList alternatives:\n- best novel is Harry Potter\n- worst book is Harry Potter\n- United States is great\n\nExample: The Beatles were honored in:\nList alternatives:\n- Buckingham Palace\n- Mexico\n- Tower of London\n\nExample: Jerry Baker:\nList alternatives:\n- is part of a soccer team\n- is not part of a soccer team\n- is a character in a book\n\nExample: A robotic arm has been used for scientific\nList alternatives:\n- discoveries\n"}, "23": {"input": "\nOutput a list of unique alternatives for each example.\n\nExample: Barrack Obama believes the:\nList alternatives:\n- best novel is Harry Potter\n- worst book is Harry Potter\n- United States is great\n\nExample: The Beatles were honored in:\nList alternatives:\n- Buckingham Palace\n- Mexico\n- Tower of London\n\nExample: Jerry Baker:\nList alternatives:\n- is part of a soccer team\n- is not part of a soccer team\n- is a character in a book\n\nExample: The San Diego Padres won the game against the St.\nList alternatives:\n- Louis Cardinals\n"}, "24": {"input": "\nOutput a list of unique alternatives for each example.\n\nExample: Barrack Obama believes the:\nList alternatives:\n- best novel is Harry Potter\n- worst book is Harry Potter\n- United States is great\n\nExample: The Beatles were honored in:\nList alternatives:\n- Buckingham Palace\n- Mexico\n- Tower of London\n\nExample: Jerry Baker:\nList alternatives:\n- is part of a soccer team\n- is not part of a soccer team\n- is a character in a book\n\nExample: Other changes involve joint Research and Development programs with\nList alternatives:\n- other companies\n"}, "25": {"input": "\nOutput a list of unique alternatives for each example.\n\nExample: Barrack Obama believes the:\nList alternatives:\n- best novel is Harry Potter\n- worst book is Harry Potter\n- United States is great\n\nExample: The Beatles were honored in:\nList alternatives:\n- Buckingham Palace\n- Mexico\n- Tower of London\n\nExample: Jerry Baker:\nList alternatives:\n- is part of a soccer team\n- is not part of a soccer team\n- is a character in a book\n\nExample: Pope John Paul II was born\nList alternatives:\n- in Poland\n"}, "26": {"input": "\nOutput a list of unique alternatives for each example.\n\nExample: Barrack Obama believes the:\nList alternatives:\n- best novel is Harry Potter\n- worst book is Harry Potter\n- United States is great\n\nExample: The Beatles were honored in:\nList alternatives:\n- Buckingham Palace\n- Mexico\n- Tower of London\n\nExample: Jerry Baker:\nList alternatives:\n- is part of a soccer team\n- is not part of a soccer team\n- is a character in a book\n\nExample: People experienced adverse effects while\nList alternatives:\n- taking aspirin\n"}, "27": {"input": "\nOutput a list of unique alternatives for each example.\n\nExample: Barrack Obama believes the:\nList alternatives:\n- best novel is Harry Potter\n- worst book is Harry Potter\n- United States is great\n\nExample: The Beatles were honored in:\nList alternatives:\n- Buckingham Palace\n- Mexico\n- Tower of London\n\nExample: Jerry Baker:\nList alternatives:\n- is part of a soccer team\n- is not part of a soccer team\n- is a character in a book\n\nExample: The Central Business District (CBD) is part\nList alternatives:\n- of Rotorua\n"}, "28": {"input": "\nOutput a list of unique alternatives for each example.\n\nExample: Barrack Obama believes the:\nList alternatives:\n- best novel is Harry Potter\n- worst book is Harry Potter\n- United States is great\n\nExample: The Beatles were honored in:\nList alternatives:\n- Buckingham Palace\n- Mexico\n- Tower of London\n\nExample: Jerry Baker:\nList alternatives:\n- is part of a soccer team\n- is not part of a soccer team\n- is a character in a book\n\nExample: Cleopatra and Marc Antony lived\nList alternatives:\n- in Egypt\n"}, "29": {"input": "\nOutput a list of unique alternatives for each example.\n\nExample: Barrack Obama believes the:\nList alternatives:\n- best novel is Harry Potter\n- worst book is Harry Potter\n- United States is great\n\nExample: The Beatles were honored in:\nList alternatives:\n- Buckingham Palace\n- Mexico\n- Tower of London\n\nExample: Jerry Baker:\nList alternatives:\n- is part of a soccer team\n- is not part of a soccer team\n- is a character in a book\n\nExample: Blair is sympathetic to anyone who has lost their lives\nList alternatives:\n- in Iraq\n"}, "30": {"input": "\nOutput a list of unique alternatives for each example.\n\nExample: Barrack Obama believes the:\nList alternatives:\n- best novel is Harry Potter\n- worst book is Harry Potter\n- United States is great\n\nExample: The Beatles were honored in:\nList alternatives:\n- Buckingham Palace\n- Mexico\n- Tower of London\n\nExample: Jerry Baker:\nList alternatives:\n- is part of a soccer team\n- is not part of a soccer team\n- is a character in a book\n\nExample: 13 persons were killed by two students\nList alternatives:\n- in 1999\n"}, "31": {"input": "\nOutput a list of unique alternatives for each example.\n\nExample: Barrack Obama believes the:\nList alternatives:\n- best novel is Harry Potter\n- worst book is Harry Potter\n- United States is great\n\nExample: The Beatles were honored in:\nList alternatives:\n- Buckingham Palace\n- Mexico\n- Tower of London\n\nExample: Jerry Baker:\nList alternatives:\n- is part of a soccer team\n- is not part of a soccer team\n- is a character in a book\n\nExample: Spears is to divorce from\nList alternatives:\n- Kevin Federline\n"}, "32": {"input": "\nOutput a list of unique alternatives for each example.\n\nExample: Barrack Obama believes the:\nList alternatives:\n- best novel is Harry Potter\n- worst book is Harry Potter\n- United States is great\n\nExample: The Beatles were honored in:\nList alternatives:\n- Buckingham Palace\n- Mexico\n- Tower of London\n\nExample: Jerry Baker:\nList alternatives:\n- is part of a soccer team\n- is not part of a soccer team\n- is a character in a book\n\nExample: John Wilkes Booth killed President\nList alternatives:\n- Abraham Lincoln\n"}, "33": {"input": "\nOutput a list of unique alternatives for each example.\n\nExample: Barrack Obama believes the:\nList alternatives:\n- best novel is Harry Potter\n- worst book is Harry Potter\n- United States is great\n\nExample: The Beatles were honored in:\nList alternatives:\n- Buckingham Palace\n- Mexico\n- Tower of London\n\nExample: Jerry Baker:\nList alternatives:\n- is part of a soccer team\n- is not part of a soccer team\n- is a character in a book\n\nExample: Russians hold record for longest stay\nList alternatives:\n- in space\n"}, "34": {"input": "\nOutput a list of unique alternatives for each example.\n\nExample: Barrack Obama believes the:\nList alternatives:\n- best novel is Harry Potter\n- worst book is Harry Potter\n- United States is great\n\nExample: The Beatles were honored in:\nList alternatives:\n- Buckingham Palace\n- Mexico\n- Tower of London\n\nExample: Jerry Baker:\nList alternatives:\n- is part of a soccer team\n- is not part of a soccer team\n- is a character in a book\n\nExample: Drummondville contains\nList alternatives:\n- the girl\n"}, "35": {"input": "\nOutput a list of unique alternatives for each example.\n\nExample: Barrack Obama believes the:\nList alternatives:\n- best novel is Harry Potter\n- worst book is Harry Potter\n- United States is great\n\nExample: The Beatles were honored in:\nList alternatives:\n- Buckingham Palace\n- Mexico\n- Tower of London\n\nExample: Jerry Baker:\nList alternatives:\n- is part of a soccer team\n- is not part of a soccer team\n- is a character in a book\n\nExample: The mining industry uses a method known as\nList alternatives:\n- heap leaching\n"}, "36": {"input": "\nOutput a list of unique alternatives for each example.\n\nExample: Barrack Obama believes the:\nList alternatives:\n- best novel is Harry Potter\n- worst book is Harry Potter\n- United States is great\n\nExample: The Beatles were honored in:\nList alternatives:\n- Buckingham Palace\n- Mexico\n- Tower of London\n\nExample: Jerry Baker:\nList alternatives:\n- is part of a soccer team\n- is not part of a soccer team\n- is a character in a book\n\nExample: Claretta Petacci was Mussolini's\nList alternatives:\n- last mistress\n"}, "37": {"input": "\nOutput a list of unique alternatives for each example.\n\nExample: Barrack Obama believes the:\nList alternatives:\n- best novel is Harry Potter\n- worst book is Harry Potter\n- United States is great\n\nExample: The Beatles were honored in:\nList alternatives:\n- Buckingham Palace\n- Mexico\n- Tower of London\n\nExample: Jerry Baker:\nList alternatives:\n- is part of a soccer team\n- is not part of a soccer team\n- is a character in a book\n\nExample: Kozlowski was sentenced, Monday, to serve up to 25 years\nList alternatives:\n- in prison\n"}, "38": {"input": "\nOutput a list of unique alternatives for each example.\n\nExample: Barrack Obama believes the:\nList alternatives:\n- best novel is Harry Potter\n- worst book is Harry Potter\n- United States is great\n\nExample: The Beatles were honored in:\nList alternatives:\n- Buckingham Palace\n- Mexico\n- Tower of London\n\nExample: Jerry Baker:\nList alternatives:\n- is part of a soccer team\n- is not part of a soccer team\n- is a character in a book\n\nExample: Pennsylvania has the biggest Amish community in\nList alternatives:\n- the U.S\n"}, "39": {"input": "\nOutput a list of unique alternatives for each example.\n\nExample: Barrack Obama believes the:\nList alternatives:\n- best novel is Harry Potter\n- worst book is Harry Potter\n- United States is great\n\nExample: The Beatles were honored in:\nList alternatives:\n- Buckingham Palace\n- Mexico\n- Tower of London\n\nExample: Jerry Baker:\nList alternatives:\n- is part of a soccer team\n- is not part of a soccer team\n- is a character in a book\n\nExample: The actress Angela Lansbury is 86\nList alternatives:\n- years old\n"}, "40": {"input": "\nOutput a list of unique alternatives for each example.\n\nExample: Barrack Obama believes the:\nList alternatives:\n- best novel is Harry Potter\n- worst book is Harry Potter\n- United States is great\n\nExample: The Beatles were honored in:\nList alternatives:\n- Buckingham Palace\n- Mexico\n- Tower of London\n\nExample: Jerry Baker:\nList alternatives:\n- is part of a soccer team\n- is not part of a soccer team\n- is a character in a book\n\nExample: An international oil agency will make 60 million barrels of oil and gasoline available to\nList alternatives:\n- the marketplace\n"}, "41": {"input": "\nOutput a list of unique alternatives for each example.\n\nExample: Barrack Obama believes the:\nList alternatives:\n- best novel is Harry Potter\n- worst book is Harry Potter\n- United States is great\n\nExample: The Beatles were honored in:\nList alternatives:\n- Buckingham Palace\n- Mexico\n- Tower of London\n\nExample: Jerry Baker:\nList alternatives:\n- is part of a soccer team\n- is not part of a soccer team\n- is a character in a book\n\nExample: Procter and Gamble spends $1.8 billion for Research\nList alternatives:\n- and Development\n"}, "42": {"input": "\nOutput a list of unique alternatives for each example.\n\nExample: Barrack Obama believes the:\nList alternatives:\n- best novel is Harry Potter\n- worst book is Harry Potter\n- United States is great\n\nExample: The Beatles were honored in:\nList alternatives:\n- Buckingham Palace\n- Mexico\n- Tower of London\n\nExample: Jerry Baker:\nList alternatives:\n- is part of a soccer team\n- is not part of a soccer team\n- is a character in a book\n\nExample: CSN produces 28 million tons of steel\nList alternatives:\n- per year\n"}, "43": {"input": "\nOutput a list of unique alternatives for each example.\n\nExample: Barrack Obama believes the:\nList alternatives:\n- best novel is Harry Potter\n- worst book is Harry Potter\n- United States is great\n\nExample: The Beatles were honored in:\nList alternatives:\n- Buckingham Palace\n- Mexico\n- Tower of London\n\nExample: Jerry Baker:\nList alternatives:\n- is part of a soccer team\n- is not part of a soccer team\n- is a character in a book\n\nExample: Women are poorly represented\nList alternatives:\n- in parliament\n"}, "44": {"input": "\nOutput a list of unique alternatives for each example.\n\nExample: Barrack Obama believes the:\nList alternatives:\n- best novel is Harry Potter\n- worst book is Harry Potter\n- United States is great\n\nExample: The Beatles were honored in:\nList alternatives:\n- Buckingham Palace\n- Mexico\n- Tower of London\n\nExample: Jerry Baker:\nList alternatives:\n- is part of a soccer team\n- is not part of a soccer team\n- is a character in a book\n\nExample: Several new political\nList alternatives:\n- parties emerged\n"}, "45": {"input": "\nOutput a list of unique alternatives for each example.\n\nExample: Barrack Obama believes the:\nList alternatives:\n- best novel is Harry Potter\n- worst book is Harry Potter\n- United States is great\n\nExample: The Beatles were honored in:\nList alternatives:\n- Buckingham Palace\n- Mexico\n- Tower of London\n\nExample: Jerry Baker:\nList alternatives:\n- is part of a soccer team\n- is not part of a soccer team\n- is a character in a book\n\nExample: Democrat members had strong small business\nList alternatives:\n- voting records\n"}, "46": {"input": "\nOutput a list of unique alternatives for each example.\n\nExample: Barrack Obama believes the:\nList alternatives:\n- best novel is Harry Potter\n- worst book is Harry Potter\n- United States is great\n\nExample: The Beatles were honored in:\nList alternatives:\n- Buckingham Palace\n- Mexico\n- Tower of London\n\nExample: Jerry Baker:\nList alternatives:\n- is part of a soccer team\n- is not part of a soccer team\n- is a character in a book\n\nExample: Slovenia has\nList alternatives:\n- 270,000 inhabitants\n"}, "47": {"input": "\nOutput a list of unique alternatives for each example.\n\nExample: Barrack Obama believes the:\nList alternatives:\n- best novel is Harry Potter\n- worst book is Harry Potter\n- United States is great\n\nExample: The Beatles were honored in:\nList alternatives:\n- Buckingham Palace\n- Mexico\n- Tower of London\n\nExample: Jerry Baker:\nList alternatives:\n- is part of a soccer team\n- is not part of a soccer team\n- is a character in a book\n\nExample: The Osbournes is the name of a reality show starring\nList alternatives:\n- Ozzy Osbourne\n"}, "48": {"input": "\nOutput a list of unique alternatives for each example.\n\nExample: Barrack Obama believes the:\nList alternatives:\n- best novel is Harry Potter\n- worst book is Harry Potter\n- United States is great\n\nExample: The Beatles were honored in:\nList alternatives:\n- Buckingham Palace\n- Mexico\n- Tower of London\n\nExample: Jerry Baker:\nList alternatives:\n- is part of a soccer team\n- is not part of a soccer team\n- is a character in a book\n\nExample: Pibul was the dictator\nList alternatives:\n- of Thailand\n"}, "49": {"input": "\nOutput a list of unique alternatives for each example.\n\nExample: Barrack Obama believes the:\nList alternatives:\n- best novel is Harry Potter\n- worst book is Harry Potter\n- United States is great\n\nExample: The Beatles were honored in:\nList alternatives:\n- Buckingham Palace\n- Mexico\n- Tower of London\n\nExample: Jerry Baker:\nList alternatives:\n- is part of a soccer team\n- is not part of a soccer team\n- is a character in a book\n\nExample: Greenhouse effect changes global\nList alternatives:\n- climate\n"}}